id,binding,binding_strength,kd,kon,koff,neutralization,binding_confidence,iptm,min_interaction_pae,structure_confidence
azure-wolf-maple,True,Strong,2.456563661949e-09,51499.7072220408,0.000199119381001,,,,,
calm-panda-fern,True,Strong,5.1186563028803e-09,44544.7345088611,0.0004445990739293,,,,,
deep-heron-rose,True,Strong,8.76055245518406e-10,815100.415699981,0.0007037145669448,,,,,
ivory-orca-fern,True,Strong,5.2041691595824705e-09,8228.26962957641,9.03567685185966e-05,,,,,
azure-fox-flint,False,,,,,,8.92545358510688e-06,0.3072303831577301,15.836695671081545,0.0430406965315341
swift-otter-reed,False,,,,,,6.543319614138454e-06,0.6870169043540955,9.013069152832031,0.3437789678573608
quick-hawk-moss,False,,,,,,0.1325283050537109,0.9033559560775756,2.45522689819336,0.7587787508964539
violet-swan-sand,False,,,,,,0.000472467043437,0.9191583395004272,2.097395896911621,0.7830798029899597
silver-quail-snow,False,,,,,,0.4636465013027191,0.9407411813735962,1.3453551530838013,0.7797343134880066
radiant-dove-thorn,False,,,,,,0.2921086847782135,0.9398464560508728,1.5459251403808594,0.7931726574897766
silent-crane-birch,False,,,,,,0.5513624548912048,0.9501146674156188,1.1198124885559082,0.8099526762962341
dark-deer-willow,False,,,,,,0.6777976155281067,0.9284370541572572,1.5632812976837158,0.7775896787643433
quick-quail-pine,False,,,,,,0.0615407787263393,0.9427825212478638,1.1911799907684326,0.7791980504989624
calm-raven-willow,False,,,,,,0.6952270269393921,0.9358313083648682,1.305061101913452,0.7640359997749329
young-vole-crystal,False,,,,,,0.645969033241272,0.9383851885795592,1.382335186004639,0.793766438961029
green-boar-sand,False,,,,,,0.6289421916007996,0.9407566785812378,1.3257243633270264,0.812256932258606
shy-orca-wave,False,,,,,,0.4882099330425262,0.938299000263214,1.510420799255371,0.7911483645439148
brisk-seal-ruby,False,,,,,,0.034613836556673,0.7443593144416809,6.674432754516602,0.4446089565753937
crimson-kiwi-ice,False,,,,,,0.1577115952968597,0.8816465735435486,2.743100166320801,0.6136203408241272
deep-kiwi-rose,False,,,,,,0.0097900182008743,0.9060819745063782,2.335843324661255,0.7711969017982483
bright-quail-stone,False,,,,,,0.1605159938335418,0.8706026673316956,2.555628776550293,0.6964407563209534
misty-ram-sand,False,,,,,,0.5479550361633301,0.9321640133857728,1.535146713256836,0.804572343826294
violet-zebra-cloud,False,,,,,,0.2217995673418045,0.9403843879699708,1.4789416790008545,0.7764187455177307
rough-bison-maple,True,Strong,5.23106541954949e-10,127870.72412129,0.0001094383616791,,0.0001945980184245,0.3464516699314117,14.672233581542969,0.0211737900972366
lunar-dove-ash,False,,,,,,0.0003305503050796,0.5723541378974915,7.719044208526611,3.327157537569292e-05
vast-deer-granite,False,,,,,,0.0001968515134649,0.4592656791210174,14.468856811523438,1.6134849829541054e-06
violet-crane-marble,False,,,,,,0.7464160919189453,0.9373699426651,1.2380276918411257,0.7207385897636414
deep-mole-ruby,True,Medium,5.0629107571869e-08,8468.96344714373,0.0004315213964929,,0.6447859406471252,0.9096683859825134,1.7412877082824707,0.6799901723861694
jade-bear-willow,False,,,,,,0.7624835968017578,0.950799286365509,1.0460582971572876,0.7736685276031494
brisk-orca-flint,False,,,,,,0.7418374419212341,0.9300884008407592,1.4309003353118896,0.7420604825019836
radiant-zebra-stone,False,,,,,,0.0121821006760001,0.9404006004333496,1.2639838457107544,0.8238775730133057
bright-raven-leaf,False,,,,,,0.0064930091612041,0.9426092505455016,1.327772855758667,0.8011882901191711
amber-shark-marble,False,,,,,,0.4865011572837829,0.9099523425102234,2.0262134075164795,0.7300904393196106
hollow-wolf-ice,False,,,,,,0.4895307719707489,0.940257966518402,1.193098068237305,0.8422703146934509
small-bat-iron,False,,,,,,0.6255701184272766,0.9349386096000672,1.508061170578003,0.8005805015563965
quick-lion-rose,False,,,,,,0.2832698225975036,0.9315621852874756,1.7168232202529907,0.8072178363800049
rough-eagle-ash,True,Strong,3.1003640556357303e-09,30169.5886944308,0.0001047444335756,Full,0.0662995278835296,0.7685421109199524,2.2397422790527344,0.0005555424140766
noble-crane-ivy,False,,,,,,0.2432438433170318,0.91434907913208,1.833680868148804,0.6712889075279236
frozen-cobra-maple,False,,,,,,0.6612783074378967,0.9287680387496948,1.5334200859069824,0.7583014965057373
solid-hawk-bronze,False,,,,,,0.4441467225551605,0.8954693078994751,2.022280216217041,0.7129372358322144
amber-bat-vine,False,,,,,,0.3029962480068207,0.9422613978385924,1.0275427103042605,0.7798817753791809
shy-swan-stone,False,,,,,,0.7089176774024963,0.938659131526947,1.446333646774292,0.778570830821991
violet-bat-wave,False,,,,,,0.0580701865255832,0.8498314619064331,3.578343391418457,0.6010704636573792
steady-bat-lava,False,,,,,,0.6548681259155273,0.9145429730415344,2.1232717037200928,0.7277936935424805
swift-heron-ash,False,,,,,,0.3910814225673675,0.9350849986076356,1.5622987747192385,0.7855010628700256
noble-lion-ember,False,,,,,,7.109306898200884e-05,0.8753019571304321,1.8852266073226929,0.2634426355361938
silver-heron-pine,True,Medium,4.33201603572157e-08,51062.6554477943,0.0010991765449479,,0.0004193762142676,0.8876388669013977,1.8822710514068604,0.5795487761497498
scarlet-bison-pearl,False,,,,,,0.6792774796485901,0.857200562953949,2.967903852462769,0.5838738083839417
rapid-goat-pine,False,,,,,,6.385753658832982e-05,0.455460637807846,14.635056495666504,0.0405193753540515
frozen-ibis-ash,False,,,,,,0.6919928789138794,0.9521008133888244,1.126136064529419,0.8217446208000183
radiant-zebra-frost,False,,,,,,0.0205616224557161,0.3863167762756347,16.778732299804688,0.0196046344935894
shy-dove-wave,False,,,,,,0.672044038772583,0.9153504371643066,1.9087942838668823,0.7433204054832458
rapid-vole-plume,False,,,,,,9.937494178302586e-05,0.9527005553245544,1.222284913063049,0.7396721839904785
dark-bat-onyx,False,,,,,,1.453940240025986e-05,0.5058804750442505,13.43451976776123,0.1202447116374969
misty-heron-birch,False,,,,,,1.4137154721538536e-05,0.5550820827484131,11.482233047485352,0.1815566718578338
lunar-bison-ember,False,,,,,,0.2054104655981063,0.8999989032745361,2.47070837020874,0.7767593264579773
rough-panther-moss,False,,,,,,1.5536790670012124e-05,0.818581223487854,4.581254005432129,0.6234747171401978
bright-bear-reed,False,,,,,,0.0004668917972594,0.8660190105438232,3.4695849418640137,0.7086845636367798
frozen-moth-granite,False,,,,,,7.676174573134631e-05,0.2950521111488342,17.5282039642334,0.0374151282012462
misty-zebra-rose,False,,,,,,0.221843734383583,0.9458174109458924,1.224712610244751,0.8352479934692383
strong-hawk-granite,False,,,,,,0.3614389300346374,0.8416166305541992,3.615055084228516,0.6836379766464233
misty-gecko-snow,False,,,,,,0.0003126462688669,0.8461156487464905,3.36869478225708,0.6785444617271423
rough-cat-quartz,False,,,,,,0.3670396506786346,0.8998225331306458,2.6417348384857178,0.773120105266571
shy-ant-dust,False,,,,,,0.1956949383020401,0.912878155708313,1.8081225156784055,0.7608354687690735
bright-toad-sand,False,,,,,,0.0536944009363651,0.8946360349655151,2.5256175994873047,0.7507155537605286
jade-mole-cloud,False,,,,,,2.842253161361441e-05,0.1402175426483154,25.479875564575195,0.0045997174456715
amber-swan-leaf,False,,,,,,0.011045167222619,0.7970361709594727,4.152256965637207,0.5625314712524414
noble-cat-marble,False,,,,,,0.0085667856037616,0.7733150124549866,5.0653486251831055,0.5056005716323853
wild-deer-crystal,False,,,,,,0.0641935616731643,0.72287517786026,4.589341640472412,0.4954866170883178
crimson-heron-moss,False,,,,,,0.0013303564628586,0.7384719848632812,6.363799095153809,0.4644249081611633
deep-goat-vine,False,,,,,,0.2950354516506195,0.9060324430465698,1.8533015251159668,0.7501524090766907
rough-raven-cedar,False,,,,,,0.0018724199617281,0.664274275302887,6.821138381958008,1.6685264199622907e-05
wild-yak-marble,True,Strong,7.33077919513719e-10,104133.673803318,7.6338096943057e-05,,0.0042668282985687,0.7141951322555542,6.015392303466797,0.2851764857769012
steady-ant-dust,False,,,,,,3.0506587791023776e-05,0.7452719211578369,6.094965934753418,0.413810521364212
quiet-shark-frost,False,,,,,,0.1104538068175315,0.8548338413238525,2.7983946800231934,0.6532906889915466
vast-otter-lava,False,,,,,,0.3908131420612335,0.9079769253730774,2.1046576499938965,0.7802513837814331
pale-cobra-iron,False,,,,,,9.027316991705447e-05,0.7780770063400269,4.77780818939209,0.4634851217269897
azure-mole-vine,False,,,,,,0.0005165034672245,0.2862732410430908,15.668867111206056,9.455625615828468e-09
solid-boar-ivy,False,,,,,,3.532553819241002e-05,0.9226789474487304,1.4457193613052368,0.3344103097915649
pale-vole-quartz,False,,,,,,1.9643826817628e-05,0.9011273980140686,1.8840627670288088,0.0699524208903312
calm-bee-dust,False,,,,,,0.1111667975783348,0.2715246379375458,17.795764923095703,2.263183911110911e-11
quiet-orca-jade,False,,,,,,0.0001941318478202,0.931916356086731,1.1121573448181152,0.6238179802894592
quiet-hawk-willow,False,,,,,,0.2540835440158844,0.9234039783477784,1.807473063468933,0.8055346012115479
golden-tiger-birch,False,,,,,,0.6122796535491943,0.942338228225708,1.3315904140472412,0.7892188429832458
shy-moth-ruby,True,Strong,1.26226087391592e-08,53528.3416184544,0.0016484118326734,,0.0006096298457123,0.922971785068512,1.2465492486953735,0.6631864309310913
silent-zebra-thorn,False,,,,,,7.243653089972213e-05,0.8919590711593628,1.9846538305282595,0.6982830166816711
noble-deer-willow,True,Strong,1.24089791752877e-08,27564.1964078448,0.0006448792568477,,0.0124531313776969,0.9264176487922668,1.1786350011825562,0.7213464975357056
vast-ibis-cypress,True,Strong,3.71245956030969e-09,222277.253428837,0.0012031761355095,Partial,0.0013353015528991,0.9418315887451172,1.0378786325454712,0.7256410717964172
radiant-dove-willow,False,,,,,,0.2420973032712936,0.945041000843048,1.2880666255950928,0.8471217751502991
strong-falcon-ice,True,Strong,3.2646606297542503e-09,367101.54002219,0.0026733426836868,Partial,0.000478969712276,0.9321346879005432,1.2552275657653809,0.5629528760910034
swift-jaguar-clay,True,Strong,2.72590637706639e-09,156825.362212411,0.0015988715502156,Full,0.0007828656234778,0.937474012374878,1.037299633026123,0.6927100419998169
deep-bison-wave,False,,,,,,0.1475606113672256,0.9484090209007264,1.3666841983795166,0.8533906936645508
jade-falcon-granite,False,,,,,,0.690220296382904,0.9529234766960144,0.9632331132888794,0.7837157845497131
dark-ibis-wave,False,,,,,,0.5059432983398438,0.935068428516388,1.5811705589294434,0.7179639339447021
pale-eagle-oak,False,,,,,,5.871937901247293e-05,0.926048219203949,1.175317883491516,0.6526249647140503
noble-ox-cedar,True,Strong,1.5168458005064402e-09,141086.919234785,0.0002691386622006,Full,0.0188390873372554,0.9294695854187012,1.4944241046905518,0.7837550044059753
golden-swan-wave,True,Strong,8.80832474263515e-10,125554.793076016,0.0001648255891662,Full,0.0560881979763507,0.9106467962265016,1.5894057750701904,0.7329978346824646
young-owl-lotus,False,,,,,,0.2545937001705169,0.9191922545433044,1.724082112312317,0.6832984089851379
pale-ox-crystal,False,,,,,,0.4684796333312988,0.8326707482337952,4.095553874969482,0.59031742811203
mellow-tiger-reed,False,,,,,,0.095286376774311,0.9146385192871094,2.047208309173584,0.6079680323600769
silver-cobra-marble,False,,,,,,9.638219489715992e-05,0.6937421560287476,7.637655258178711,0.2283214032649994
bright-seal-ash,False,,,,,,1.1057755727961194e-05,0.3672348856925964,17.572349548339844,0.0153733715415
vast-jaguar-bronze,False,,,,,,0.0028965510427951,0.8122197985649109,3.5959489345550537,0.1183774545788765
small-jaguar-iron,False,,,,,,0.0050971116870641,0.2707839906215668,14.316064834594728,6.610366654058454e-08
violet-zebra-willow,False,,,,,,0.0507595129311084,0.845388650894165,2.489133358001709,0.4528150558471679
ivory-bee-birch,False,,,,,,0.0085898572579026,0.296660840511322,16.352672576904297,2.5459641339597997e-11
rapid-cat-thorn,False,,,,,,9.267035238735843e-06,0.7486152648925781,6.663566589355469,0.2669103145599365
solid-bear-marble,False,,,,,,0.0099040819332003,0.5578279495239258,8.543672561645508,0.0003629699640441
crimson-zebra-rose,False,,,,,,0.0025700719561427,0.9080296754837036,2.1693038940429688,0.7023563981056213
radiant-wolf-maple,False,,,,,,0.000758834357839,0.9190315008163452,1.8234212398529053,0.7926626801490784
brisk-fox-pine,False,,,,,,0.085329033434391,0.302277535200119,17.693084716796875,0.0001634093641769
young-vole-wave,False,,,,,,0.0008352529257535,0.8929415941238403,3.054136037826538,0.7181467413902283
pale-mole-stone,False,,,,,,0.0021182133350521,0.8711221814155579,2.89149022102356,0.7233626246452332
brisk-zebra-onyx,False,,,,,,0.0002226078504463,0.917192816734314,2.040893077850342,0.7627043128013611
violet-dove-reed,False,,,,,,0.0902055725455284,0.8346930742263794,3.045647144317627,0.0826305374503135
radiant-eagle-lotus,False,,,,,,0.0039132414385676,0.8521086573600769,2.964010715484619,0.7179407477378845
strong-zebra-thorn,False,,,,,,0.0338484235107898,0.89223712682724,2.512481212615967,0.7374562621116638
frozen-falcon-rose,False,,,,,,0.0072407950647175,0.8917236924171448,2.4756031036376958,0.7223994135856628
green-seal-cloud,False,,,,,,0.0429540649056434,0.8469632267951965,2.3741416931152344,0.071714699268341
green-orca-topaz,False,,,,,,0.07283466309309,0.3468559086322784,13.623741149902344,4.782492978028241e-12
rapid-cat-ice,False,,,,,,0.00310475891456,0.3757238984107971,14.26984977722168,2.540279271656676e-11
crimson-otter-sand,False,,,,,,1.1592046575970016e-05,0.8774293661117554,2.385465383529663,0.3141281008720398
dark-eagle-onyx,False,,,,,,0.0002707918174564,0.6241803169250488,8.095369338989258,0.0029870665166527
calm-moth-birch,False,,,,,,0.0326233282685279,0.5890688300132751,10.081846237182615,3.7864746893490064e-09
wild-moth-reed,False,,,,,,0.102576844394207,0.5609167218208313,7.906501770019531,9.134429319601622e-07
shy-ant-pearl,False,,,,,,9.741842404764611e-06,0.481807142496109,12.448052406311035,2.497630401110396e-11
crimson-heron-pine,False,,,,,,0.0957942754030227,0.3619565069675445,15.548133850097656,3.4127864978472644e-08
silent-orca-ember,False,,,,,,0.0888871252536773,0.4942612051963806,10.57142448425293,4.365353589719234e-08
crimson-ram-dust,False,,,,,,3.8613878132309765e-05,0.5738276243209839,10.17661952972412,0.0101248659193515
misty-hawk-moss,False,,,,,,0.1745779365301132,0.9518104195594788,1.2330920696258545,0.83498215675354
ivory-goat-moss,False,,,,,,6.434246461139992e-05,0.6580062508583069,8.851020812988281,0.2629233598709106
vast-bear-onyx,False,,,,,,6.686174310743809e-05,0.7885966897010803,5.115992069244385,0.3759143352508545
scarlet-mole-marble,False,,,,,,0.1766253858804702,0.8969740867614746,2.299431085586548,0.7449632287025452
shy-swan-ember,False,,,,,,0.0061099957674741,0.891068160533905,2.696640968322754,0.7420859336853027
bright-yak-crystal,False,,,,,,0.0087604159489274,0.7935271859169006,5.019371032714844,0.6052014231681824
hollow-zebra-thorn,False,,,,,,1.188429359899601e-05,0.2950354516506195,18.491735458374023,0.0131624154746532
green-jaguar-orchid,False,,,,,,0.0102562112733721,0.8749599456787109,3.1078343391418457,0.699083149433136
silver-quail-sand,False,,,,,,9.648592822486536e-05,0.6946004033088684,8.023184776306152,0.421826958656311
steady-falcon-orchid,False,,,,,,0.0594687834382057,0.6739843487739563,7.2439470291137695,0.2600665986537933
ivory-panda-fern,False,,,,,,0.000173665015609,0.2014301568269729,22.37141227722168,0.0076898816041648
hollow-mole-wave,False,,,,,,0.0485293343663215,0.8983266353607178,2.321211338043213,0.6936100125312805
vast-cat-leaf,False,,,,,,1.920654540299438e-05,0.5626246333122253,10.79897117614746,0.1451049298048019
amber-quail-thorn,False,,,,,,3.0206638257368468e-05,0.3820160627365112,15.294537544250488,0.0498239994049072
rough-panda-jade,False,,,,,,0.0016248326282948,0.7202940583229065,7.187331676483154,0.4518844783306122
jade-falcon-pine,False,,,,,,0.0030259718187153,0.9339287877082824,1.6454236507415771,0.8005944490432739
lunar-kiwi-marble,False,,,,,,1.571531356603373e-05,0.7525669932365417,6.332858085632324,0.4937826097011566
dark-toad-oak,False,,,,,,1.0382857908552978e-05,0.4155866205692291,16.0809326171875,0.0634779557585716
azure-jaguar-leaf,False,,,,,,0.0014944720314815,0.9020450115203856,2.198116540908813,0.7068138718605042
lunar-seal-orchid,False,,,,,,0.0004651974595617,0.4876128435134887,11.41641616821289,0.0512711741030216
scarlet-vole-flint,False,,,,,,0.0002980967401526,0.3252184689044952,17.674388885498047,9.540194412238635e-08
pale-panda-birch,False,,,,,,0.0008633062243461,0.6795442700386047,5.979837417602539,0.0010965953115373
swift-tiger-rose,False,,,,,,8.978936421044637e-06,0.6518425941467285,8.955230712890625,0.1491840183734893
frozen-yak-sand,False,,,,,,0.0158868934959173,0.3871033489704132,16.52630615234375,0.048702597618103
young-seal-iron,False,,,,,,5.671703547704965e-06,0.4460450708866119,14.357404708862305,0.0631619393825531
radiant-panda-flint,False,,,,,,0.0036422340199351,0.9568768739700316,1.3440231084823608,0.6783589124679565
scarlet-lynx-iron,False,,,,,,0.0053144390694797,0.8751185536384583,2.6791563034057617,0.2090437710285186
wild-ibis-granite,False,,,,,,0.0006532374536618,0.6402332782745361,9.378997802734377,0.0002916604862548
scarlet-yak-ash,False,,,,,,0.0006534628337249,0.7170278429985046,3.8350348472595215,0.0227721836417913
quick-yak-iron,False,,,,,,0.0260413698852062,0.2041270583868026,20.24827766418457,1.3516840979832525e-08
ivory-quail-onyx,False,,,,,,1.3263879736769011e-05,0.891933798789978,2.519093513488769,0.3825500905513763
radiant-mole-dust,False,,,,,,0.1091299280524253,0.4689511358737945,9.39751148223877,0.1073856875300407
jade-wolf-sand,False,,,,,,0.0081687271595001,0.5057196021080017,11.713540077209473,0.0025441839825361
shy-owl-opal,False,,,,,,0.0389214754104614,0.8208909034729004,3.066121816635132,0.3477534651756286
vast-seal-stone,False,,,,,,0.0149164414033293,0.9355165362358092,1.5533716678619385,0.764315128326416
small-quail-dust,False,,,,,,0.2839274406433105,0.9203618168830872,1.4862802028656006,0.76664799451828
mellow-yak-cypress,False,,,,,,0.1985285878181457,0.8320227265357971,3.18888258934021,0.488772451877594
frozen-bear-opal,False,,,,,,0.0749828517436981,0.456621915102005,11.956573486328123,0.0104106571525335
strong-ram-ivy,False,,,,,,0.0134667130187153,0.8811109066009521,2.6049749851226807,0.70209139585495
bright-seal-ice,False,,,,,,0.0007446284871548,0.8765357136726379,2.7774553298950195,0.6740131974220276
vast-dove-cedar,False,,,,,,0.1433669030666351,0.3780367374420166,11.83729362487793,0.0229310914874076
jade-lynx-cedar,False,,,,,,0.0025154955219477,0.9140510559082032,2.0077719688415527,0.6800239682197571
scarlet-cat-clay,True,Strong,2.65639265676241e-08,17214.0633921586,0.0004705236568303,,0.0738020166754722,0.888422429561615,2.495193719863892,0.6644377708435059
pale-hawk-opal,False,,,,,,6.636897887801751e-05,0.8037711381912231,5.174456596374512,0.5698066353797913
swift-dove-wave,False,,,,,,0.0059404415078461,0.8004398345947266,4.4591474533081055,0.5285391211509705
dark-lion-opal,False,,,,,,0.0007455637096427,0.5687743425369263,9.532883644104004,0.1569967418909073
bright-tiger-opal,False,,,,,,0.0088839335367083,0.8988917469978333,2.223611354827881,0.7429648637771606
deep-tiger-ash,False,,,,,,8.074081051745452e-06,0.3393580019474029,19.029455184936523,0.0099649280309677
small-ox-rose,False,,,,,,0.0007635007495991,0.747551679611206,7.050708770751953,0.4204535186290741
soft-bear-iron,False,,,,,,0.1059886217117309,0.911531150341034,2.005568742752075,0.743864119052887
small-moth-jade,False,,,,,,0.0034905469510704,0.7312583923339844,5.52651309967041,0.3577393889427185
silver-falcon-orchid,False,,,,,,0.0141117749735713,0.8636431694030762,3.165404796600342,0.6147133708000183
jade-jaguar-bronze,False,,,,,,0.0053183860145509,0.9039020538330078,2.321925401687622,0.6777349710464478
bright-panda-ruby,False,,,,,,0.0669937580823898,0.755394458770752,6.035438060760498,0.3099765181541443
jade-cobra-fern,False,,,,,,0.0394864603877067,0.9454804062843324,1.312381386756897,0.796746551990509
shy-cobra-sand,False,,,,,,0.0001660732668824,0.809563398361206,4.40293550491333,0.4366257190704345
ivory-orca-marble,False,,,,,,0.1948386430740356,0.8962971568107605,2.190623044967652,0.7021552920341492
azure-otter-moss,False,,,,,,0.2872473895549774,0.885597288608551,2.3175978660583496,0.6959843039512634
shy-quail-birch,False,,,,,,0.2095928937196731,0.8883877992630005,2.323726892471313,0.6758639216423035
swift-cobra-plume,False,,,,,,0.5040969848632812,0.8790527582168579,2.45447325706482,0.6918109655380249
quick-cat-iron,True,Strong,8.22559467142773e-08,10162.7898065387,0.000835949896795,,0.0478217974305152,0.7797116041183472,4.239695549011231,0.351106196641922
radiant-bear-marble,False,,,,,,0.6394186019897461,0.9277447462081908,1.608241319656372,0.8000442385673523
radiant-moth-vine,False,,,,,,0.0003066557692363,0.2136027812957763,21.81224822998047,1.0180408599458346e-10
deep-shark-iron,False,,,,,,0.0002099939301842,0.8302427530288696,2.8450734615325928,0.0328067280352115
bright-panda-stone,False,,,,,,7.795841520419344e-05,0.2653207778930664,19.75887489318848,2.234257181044086e-06
young-orca-cypress,False,,,,,,1.0082087101181967e-05,0.3081435859203338,16.86505889892578,0.0218059346079826
ivory-boar-wave,False,,,,,,0.0002964281593449,0.4292627573013305,14.706965446472168,0.0004170526808593
ivory-quail-clay,False,,,,,,1.4235826711228585e-05,0.6124988198280334,10.81598663330078,0.1738750487565994
crimson-toad-reed,False,,,,,,1.3955960639577825e-05,0.8248335719108582,4.5767927169799805,0.548366367816925
deep-panda-sand,False,,,,,,0.0291366074234247,0.8908270001411438,2.159108638763428,0.462395042181015
steady-yak-pine,False,,,,,,0.2292510867118835,0.8136686086654663,4.383038520812988,0.29438117146492
swift-crane-jade,False,,,,,,0.0001913658052217,0.5400581955909729,9.451504707336426,0.0771064013242721
azure-ox-onyx,False,,,,,,0.0018811505287885,0.8888095021247864,2.33347749710083,0.7672072052955627
quiet-ram-dust,False,,,,,,0.0591881908476352,0.7189373970031738,6.3181986808776855,0.3139567375183105
ivory-fox-ruby,False,,,,,,0.296526700258255,0.9398987293243408,1.3713589906692505,0.8036999702453613
jade-cat-cloud,False,,,,,,0.6946972012519836,0.9492467045783995,1.0113309621810913,0.8260042071342468
rapid-yak-crystal,False,,,,,,0.6841990351676941,0.9280969500541688,1.4576857089996338,0.7712780237197876
solid-fox-iron,False,,,,,,0.5623593926429749,0.9529428482055664,0.9813228845596312,0.8159806728363037
rough-kiwi-marble,False,,,,,,0.6598004102706909,0.941154420375824,1.223495364189148,0.8000632524490356
shy-fox-fern,False,,,,,,0.5603160858154297,0.9475478529930116,1.1677837371826172,0.7969722747802734
silver-ibis-pearl,False,,,,,,0.1341102719306945,0.9331396222114564,1.6728514432907104,0.8144177794456482
deep-fox-quartz,False,,,,,,0.6440629363059998,0.914304494857788,1.8504289388656616,0.773910641670227
deep-toad-ash,False,,,,,,0.0008534837397746,0.863182783126831,2.813178062438965,0.5654237270355225
solid-orca-pearl,False,,,,,,0.4833421111106872,0.853776752948761,3.044226884841919,0.6278102993965149
rough-bear-granite,False,,,,,,0.4785559177398681,0.8795861601829529,2.7945523262023926,0.6462631225585938
mellow-bee-lotus,False,,,,,,0.1400005519390106,0.9296835064888,1.5832133293151855,0.7998639941215515
radiant-mole-wave,False,,,,,,0.062677189707756,0.8681899905204773,3.197960138320923,0.4237542152404785
bright-tiger-crystal,False,,,,,,0.0544207133352756,0.8207873702049255,4.101612567901611,0.4841756820678711
golden-dove-fern,False,,,,,,0.3413595557212829,0.8321256637573242,3.43154239654541,0.4958534240722656
wild-gecko-vine,False,,,,,,0.3209047019481659,0.9086697101593018,2.048512458801269,0.76860111951828
brisk-seal-snow,False,,,,,,0.6113239526748657,0.950900673866272,1.31260347366333,0.8046300411224365
solid-bear-ruby,False,,,,,,0.6410571932792664,0.9242425560951232,1.738170146942139,0.7688462734222412
deep-cobra-clay,False,,,,,,0.0054952804930508,0.9041882157325744,2.5705490112304688,0.7411606907844543
quick-ibis-frost,False,,,,,,0.0076084779575467,0.8346611261367798,4.287952423095703,0.6289550065994263
calm-ox-moss,False,,,,,,0.0834167897701263,0.731893002986908,5.72578239440918,0.4476376175880432
small-orca-plume,True,Medium,7.38051229949404e-08,7249.24015005967,0.0005264664832499,,0.0334258340299129,0.8239706754684448,3.920549154281616,0.5941481590270996
green-lion-fern,False,,,,,,0.010497317649424,0.9272129535675048,1.8843848705291748,0.7549606561660767
amber-eagle-ember,False,,,,,,0.0058027897030115,0.7002036571502686,7.612030029296875,0.3388036787509918
misty-panda-cloud,False,,,,,,0.2915455400943756,0.9320524334907532,1.7897499799728394,0.716644287109375
swift-bear-cloud,False,,,,,,0.2588846981525421,0.9094970226287842,2.060506582260132,0.6586171984672546
pale-toad-topaz,False,,,,,,9.49791501625441e-05,0.2969132959842682,17.760271072387695,0.0153855616226792
amber-ox-plume,False,,,,,,0.2560161054134369,0.925744354724884,1.905768156051636,0.6509266495704651
frozen-raven-topaz,False,,,,,,0.0367130897939205,0.941059112548828,1.3062201738357544,0.6713168621063232
gentle-quail-pine,False,,,,,,0.397354781627655,0.8661304712295532,3.730703830718994,0.654378354549408
crimson-swan-rose,False,,,,,,0.0006630076677538,0.6820141673088074,6.703829765319824,0.2618044316768646
small-gecko-stone,False,,,,,,0.6865670084953308,0.9026859998703004,2.2026116847991943,0.6956033706665039
quick-ram-quartz,False,,,,,,0.0499343946576118,0.9428210258483888,1.411193609237671,0.8186066746711731
scarlet-cat-ice,False,,,,,,4.592558252625168e-05,0.6632983088493347,8.52421760559082,0.2893037497997284
rapid-cobra-moss,False,,,,,,0.2397675961256027,0.9058239459991456,2.262756109237671,0.7586612701416016
crimson-wolf-ruby,False,,,,,,0.1691849827766418,0.9061142802238464,2.229356527328491,0.7276429533958435
young-heron-ice,False,,,,,,2.747152029769495e-05,0.7541537880897522,6.643276691436768,0.4787448942661285
frozen-gecko-rose,False,,,,,,0.0098571190610528,0.9187384843826294,1.7681857347488403,0.7650261521339417
noble-crow-fern,False,,,,,,0.2559465169906616,0.2992409467697143,16.32583999633789,0.0382888168096542
violet-panther-iron,False,,,,,,0.0002469345054123,0.9003135561943054,1.980576753616333,0.7433146834373474
gentle-quail-maple,False,,,,,,0.0351942367851734,0.8593657612800598,3.1827216148376465,0.6562001705169678
rapid-bear-reed,False,,,,,,0.4188275933265686,0.9425575137138368,1.334195613861084,0.8134095668792725
vast-moth-rose,False,,,,,,0.0175147242844104,0.936426043510437,1.6878931522369385,0.8069795966148376
rough-deer-rose,False,,,,,,0.609602689743042,0.926231324672699,1.179274082183838,0.8116565942764282
swift-ibis-cypress,False,,,,,,0.6442691087722778,0.9237525463104248,1.6764605045318604,0.7762802839279175
quiet-panda-willow,False,,,,,,0.6147438287734985,0.9261178970336914,1.4334936141967771,0.7915189266204834
steady-yak-dust,False,,,,,,0.0003290924360044,0.3472334742546081,15.81022834777832,0.012868701480329
young-ram-rose,True,Medium,8.62649452605243e-08,10786.1610751571,0.0007557545709347,,0.4268050491809845,0.7034844756126404,5.063254356384277,0.1148157566785812
swift-ibis-pearl,False,,,,,,0.2253684103488922,0.8590718507766724,2.7849574089050293,0.2589534223079681
mellow-zebra-orchid,False,,,,,,0.1247751489281654,0.371243268251419,16.542186737060547,0.0460273697972297
strong-goat-ivy,False,,,,,,0.0267343707382679,0.8734927177429199,3.3282251358032227,0.4681342542171478
soft-dove-cedar,False,,,,,,0.3685220777988434,0.9155730605125428,2.0564699172973637,0.3785749673843384
noble-cat-pearl,True,Medium,2.36062367891398e-07,5953.994158754,0.0015555006037052,,0.5917600989341736,0.8977936506271362,2.1903247833251958,0.7079927325248718
crimson-deer-cypress,False,,,,,,0.0068963919766247,0.8692258596420288,2.5190467834472656,0.5844146013259888
amber-tiger-dust,True,Medium,1.15888039377575e-07,7500.5313981101,0.0006547565898372,,9.018702985486016e-05,0.3985275030136108,14.298650741577148,0.0350690819323062
radiant-bee-iron,False,,,,,,0.4877022802829742,0.913152039051056,1.9228408336639404,0.7124372720718384
bright-wolf-ember,False,,,,,,0.4276426434516907,0.9302454590797424,1.609349012374878,0.8034198880195618
brisk-goat-bronze,False,,,,,,0.0004597292572725,0.6370069980621338,9.950150489807127,0.0288577526807785
mellow-goat-snow,False,,,,,,0.0356773436069488,0.2769360244274139,16.762521743774414,1.6821809367684184e-07
violet-orca-pine,False,,,,,,0.0010393921984359,0.9413256645202636,1.3910722732543943,0.7920873165130615
violet-cat-ruby,False,,,,,,0.6641795635223389,0.9562922716140748,1.029672384262085,0.8277111053466797
rough-owl-iron,False,,,,,,0.4930476546287536,0.927730143070221,1.6238644123077393,0.8055358529090881
noble-zebra-crystal,False,,,,,,0.0001429282710887,0.5219987034797668,12.452545166015623,0.0211339257657527
quiet-crane-wave,False,,,,,,0.023638455197215,0.8040553331375122,4.82698392868042,0.5677571892738342
calm-bear-orchid,False,,,,,,0.0253494419157505,0.8705592751502991,3.1786110401153564,0.6673662066459656
rough-jaguar-fern,False,,,,,,0.0004941150546073,0.9280673265457152,1.9864287376403809,0.6649287343025208
steady-kiwi-marble,False,,,,,,0.0043465010821819,0.6719435453414917,8.694510459899902,0.1091270297765731
rapid-owl-lava,False,,,,,,0.0002960292622447,0.9316449165344238,1.655376434326172,0.3954090476036072
dark-ibis-ash,False,,,,,,0.0025046779774129,0.916206955909729,1.2876490354537964,0.2444179505109787
hollow-quail-frost,False,,,,,,0.0014243572950363,0.9279449582099916,1.2203656435012815,0.6008961796760559
quiet-lion-clay,False,,,,,,0.0161830019205808,0.9175068140029908,1.2457849979400637,0.4513861536979675
strong-vole-snow,False,,,,,,0.1107734888792038,0.9441072940826416,0.9956111907958984,0.754203736782074
hollow-jaguar-bronze,False,,,,,,0.0021048481576144,0.9294048547744752,1.2215986251831057,0.4891883134841919
quiet-mole-onyx,False,,,,,,0.0291071236133575,0.9398518204689026,1.0871148109436035,0.4298999309539795
crimson-vole-birch,False,,,,,,0.0009574337746016,0.9311502575874328,1.151032567024231,0.4475173950195312
rough-ibis-orchid,False,,,,,,0.0607220493257045,0.8458564877510071,1.551793336868286,0.2001783847808838
mellow-raven-ivy,False,,,,,,0.0034716438967734,0.8964900970458984,1.468211650848389,0.5498718619346619
hollow-ibis-jade,False,,,,,,0.2421492338180542,0.9357751607894896,1.440209984779358,0.7314327955245972
strong-swan-cypress,False,,,,,,0.0372030772268772,0.9330242276191713,1.6203830242156982,0.7082463502883911
crimson-shark-onyx,False,,,,,,0.1182075589895248,0.7965900301933289,3.7884716987609854,0.314669132232666
soft-shark-granite,False,,,,,,0.0065402090549468,0.9109836220741272,1.5062249898910522,0.581569254398346
solid-otter-cypress,False,,,,,,0.0964511409401893,0.7370533347129822,5.70643949508667,0.1225098446011543
dark-zebra-crystal,False,,,,,,0.0123756052926182,0.767827033996582,4.472001075744629,0.3416706323623657
hollow-mole-cedar,False,,,,,,0.0568048432469368,0.878194272518158,1.8306405544281008,0.1708709597587585
rapid-tiger-vine,False,,,,,,0.0082529028877615,0.7971758842468262,3.3583929538726807,0.29145148396492
golden-boar-ash,False,,,,,,0.0065438020974397,0.7768789529800415,4.880955696105957,0.0262985080480575
calm-boar-vine,False,,,,,,0.0401120297610759,0.6651009917259216,5.475319862365723,0.0001211882190546
crimson-owl-cedar,False,,,,,,0.4950118958950043,0.9171752333641052,1.9092705249786377,0.7795259356498718
gentle-bear-reed,False,,,,,,0.0527777001261711,0.912660539150238,2.0160155296325684,0.7764172554016113
golden-owl-willow,False,,,,,,0.0161982681602239,0.8877023458480835,2.54308557510376,0.7463496923446655
green-orca-pearl,False,,,,,,0.0630579441785812,0.8852802515029907,2.4723331928253174,0.7318300604820251
misty-lion-granite,False,,,,,,0.6471716165542603,0.921957552433014,1.91503381729126,0.7726696133613586
young-gecko-topaz,False,,,,,,0.000116308692668,0.9074991941452026,2.215738296508789,0.6454042196273804
green-raven-quartz,True,Strong,2.38979517695006e-08,15555.0305932374,0.0003506585646581,,0.4698742032051086,0.9278159737586976,1.8088147640228271,0.7934341430664062
shy-moth-ash,False,,,,,,0.0214318335056304,0.8988322019577026,2.0874900817871094,0.7419441938400269
violet-boar-stone,False,,,,,,0.3838697969913482,0.9082522988319396,2.1250624656677246,0.7303615212440491
bright-zebra-crystal,False,,,,,,0.6466715335845947,0.9104576110839844,1.7094446420669556,0.7081280946731567
frozen-crane-flint,False,,,,,,1.5309709851862863e-05,0.3387672007083893,17.39834213256836,0.0323417745530605
silver-deer-pearl,False,,,,,,0.1206318289041519,0.2365988492965698,18.11943244934082,0.021221674978733
pale-crow-ash,False,,,,,,3.530209505697712e-05,0.6054784059524536,10.43734645843506,0.1980541348457336
crimson-ram-pearl,False,,,,,,0.490373283624649,0.9312014579772948,1.6006596088409424,0.7840895056724548
rough-otter-wave,False,,,,,,0.2864269316196441,0.9407240152359008,1.3181694746017456,0.8277613520622253
green-cat-clay,False,,,,,,2.7334996048011817e-05,0.5824776887893677,10.423933029174805,0.061650276184082
vast-mole-orchid,False,,,,,,0.5659968256950378,0.9281997084617616,1.606342077255249,0.78501957654953
soft-yak-oak,False,,,,,,0.6807000041007996,0.9426587224006652,1.2697474956512451,0.8186275362968445
rough-jaguar-birch,False,,,,,,0.6840758323669434,0.9377525448799132,1.2964189052581787,0.8085420727729797
silent-otter-jade,False,,,,,,0.6012386083602905,0.9091067314147948,2.0564186573028564,0.7420014142990112
silent-panther-ruby,False,,,,,,0.0965036079287529,0.9386149048805236,1.3002091646194458,0.7925397157669067
bright-lynx-ruby,False,,,,,,0.5621540546417236,0.935974895954132,1.2954493761062622,0.782859742641449
brisk-fox-clay,False,,,,,,0.2026819288730621,0.9306286573410034,1.6375969648361206,0.7927756309509277
frozen-gecko-leaf,True,Medium,1.1002983571751e-07,5747.47044880097,0.0008918479447455,,0.7381628751754761,0.948396384716034,1.130271553993225,0.8153144121170044
swift-quail-cedar,False,,,,,,0.6371943354606628,0.9128776788711548,1.9180272817611692,0.7568303346633911
vast-ant-jade,False,,,,,,0.0025847470387816,0.937044322490692,1.7082195281982422,0.792111337184906
green-zebra-quartz,False,,,,,,0.5629943013191223,0.9028668403625488,2.16723108291626,0.5496452450752258
shy-vole-flint,False,,,,,,0.6235478520393372,0.8874078392982483,2.419283866882324,0.6877347230911255
strong-lion-orchid,False,,,,,,0.2465225607156753,0.7629837989807129,5.517229080200195,0.4669764339923858
pale-panda-lava,False,,,,,,0.1779330670833587,0.9254674911499025,1.683873176574707,0.736833393573761
vast-wolf-jade,False,,,,,,0.236460343003273,0.7759029865264893,5.301623344421387,0.4538899660110473
quiet-dove-sand,False,,,,,,0.0029014104511588,0.9390798211097716,0.9567910432815552,0.7285977602005005
mellow-cat-ice,False,,,,,,4.217531386530027e-05,0.8902021646499634,1.8910695314407349,0.5884499549865723
radiant-gecko-cedar,False,,,,,,0.0871285423636436,0.875797688961029,2.075225591659546,0.3125979900360107
crimson-crow-bronze,False,,,,,,0.0015479385619983,0.7664360404014587,5.568211078643799,0.3196041584014892
azure-bear-lava,False,,,,,,0.4036978185176849,0.9452492594718932,1.2443209886550903,0.7311986684799194
crimson-hawk-ice,False,,,,,,0.0301156025379896,0.9203457832336426,1.873899221420288,0.611922562122345
green-panda-granite,False,,,,,,0.0004129420849494,0.8689455389976501,2.727960586547852,0.195032849907875
azure-deer-ruby,False,,,,,,0.0002189821243518,0.607272207736969,7.845963001251221,0.0005516725359484
quiet-quail-ember,False,,,,,,0.0002523822477087,0.6040234565734863,7.02216911315918,0.0021177693270146
small-fox-willow,False,,,,,,0.0011699453461915,0.6766635179519653,7.858852386474609,0.0113907484337687
green-ram-onyx,False,,,,,,0.0019055326702073,0.4885334372520447,11.613911628723145,0.0001265411701751
pale-fox-reed,False,,,,,,5.153593519935384e-05,0.6271634697914124,8.528790473937988,0.0171641558408737
rapid-otter-cypress,False,,,,,,0.0111930463463068,0.8349862098693848,3.551703453063965,0.0695875734090805
rough-otter-sand,False,,,,,,0.0017104130238294,0.7808845639228821,3.7742137908935542,0.0271839257329702
frozen-fox-birch,False,,,,,,0.0005330443382263,0.2691953182220459,16.731204986572266,5.521351340576075e-07
azure-crane-dust,False,,,,,,0.0749288275837898,0.7526789307594299,5.65864896774292,0.0515555664896965
bright-falcon-maple,False,,,,,,0.5630186796188354,0.9360473155975342,1.5649492740631104,0.8070586323738098
noble-zebra-lava,False,,,,,,0.3915788233280182,0.9560723900794984,1.0578045845031738,0.8409028649330139
lunar-jaguar-moss,False,,,,,,0.6545979976654053,0.9592013359069824,1.0028231143951416,0.8447906374931335
shy-ox-leaf,False,,,,,,0.4088407754898071,0.9459115862846376,1.3594748973846436,0.8179584741592407
gentle-tiger-jade,False,,,,,,0.0017009254079312,0.9214432835578918,1.1120374202728271,0.6821615099906921
dark-ibis-topaz,False,,,,,,4.4963890104554594e-05,0.8950924277305603,1.6409558057785034,0.4037248492240906
misty-moth-oak,False,,,,,,4.107239510631189e-05,0.8963968753814697,1.7825539112091064,0.5368184447288513
violet-ox-birch,False,,,,,,0.0016074009472504,0.9018287658691406,1.5124882459640503,0.5241089463233948
quick-jaguar-birch,False,,,,,,6.459868745878339e-05,0.871914267539978,2.150620222091675,0.3724163472652435
brisk-heron-thorn,False,,,,,,9.30911410250701e-05,0.904555320739746,1.7101011276245115,0.6304671764373779
jade-panda-willow,False,,,,,,0.0032300178427249,0.9172168374061584,1.3415762186050415,0.5650027394294739
jade-lynx-cypress,False,,,,,,2.078373836411629e-05,0.8743886351585388,2.121088743209839,0.5164276361465454
rough-gecko-cedar,False,,,,,,0.0014334978768602,0.7594333291053772,5.867195129394531,0.2798861861228943
jade-yak-topaz,False,,,,,,1.2613394574145786e-05,0.1601117253303527,25.126436233520508,0.0010763100581243
swift-cobra-fern,False,,,,,,0.0002408929867669,0.1893277168273925,23.200761795043945,4.210699714249367e-13
jade-vole-lava,False,,,,,,0.0031274054199457,0.6678221821784973,7.703936576843262,0.0009757059742696
scarlet-bat-pine,False,,,,,,7.036729220999405e-05,0.246088221669197,21.36211395263672,8.743368380237371e-05
dark-panther-ember,False,,,,,,0.0496240258216857,0.7890610694885254,3.275125026702881,0.0037030512467026
rapid-jaguar-willow,False,,,,,,0.0021707029081881,0.5054314732551575,12.399333000183104,1.1379755960660988e-05
green-vole-quartz,True,Strong,2.59845897801782e-08,12748.0867035245,0.000503663927853,,4.4775428250432014e-05,0.2931739389896393,19.77021598815918,0.0002359280915698
crimson-panther-wave,False,,,,,,0.0165675859898328,0.2085402458906173,20.01836204528809,6.511373157991329e-06
strong-kiwi-wave,False,,,,,,0.6494296789169312,0.9067392349243164,2.1267566680908203,0.7285633087158203
wild-lion-ice,False,,,,,,0.0036360849626362,0.6400253772735596,9.10059642791748,0.2975564897060394
brisk-deer-lotus,False,,,,,,0.376829594373703,0.9385014176368712,1.3291642665863037,0.7915397882461548
radiant-crow-cypress,False,,,,,,0.4883043169975281,0.9391840100288392,1.4643592834472656,0.8087360858917236
noble-crane-quartz,False,,,,,,0.3806295990943908,0.929028570652008,1.4967284202575684,0.8014664053916931
wild-shark-thorn,False,,,,,,0.4421495199203491,0.9535858631134032,1.0398716926574707,0.7788795232772827
crimson-heron-snow,False,,,,,,0.6919033527374268,0.8613060712814331,2.4634780883789062,0.6733331084251404
vast-bee-sand,False,,,,,,0.3750879466533661,0.9435571432113647,1.064497470855713,0.8186402320861816
soft-seal-frost,False,,,,,,0.6566668152809143,0.946315050125122,1.1627289056777954,0.8097957968711853
pale-wolf-oak,False,,,,,,0.5163795351982117,0.9217386841773988,1.4487910270690918,0.7175814509391785
golden-seal-thorn,False,,,,,,0.740410327911377,0.9530349969863892,1.040238618850708,0.8060397505760193
quick-lion-pearl,False,,,,,,0.7290462255477905,0.9454182982444764,1.2034919261932373,0.8100227117538452
soft-cat-vine,False,,,,,,0.001352496095933,0.9111414551734924,1.9776108264923096,0.6192054152488708
crimson-orca-marble,False,,,,,,1.9440738469711505e-05,0.8643141984939575,2.592207431793213,0.4519543349742889
rapid-kiwi-ivy,False,,,,,,7.110127626219764e-05,0.8944895267486572,2.024918556213379,0.6208266019821167
quick-falcon-jade,False,,,,,,4.6541299525415525e-05,0.8739548325538635,2.097585439682007,0.5639089941978455
soft-lynx-oak,True,Medium,5.02106984607159e-08,24697.7667336368,0.0014871069472702,,9.117872104980052e-05,0.8961641192436218,2.024862289428711,0.6019529700279236
misty-boar-onyx,False,,,,,,0.0121272662654519,0.879039466381073,2.4341070652008057,0.5028930902481079
soft-shark-pearl,False,,,,,,0.0001006576858344,0.9044622182846068,1.928591012954712,0.6403989195823669
quick-otter-wave,False,,,,,,0.0126308631151914,0.9138050675392152,1.916802167892456,0.5969027280807495
brisk-moth-jade,False,,,,,,0.2187816202640533,0.939401626586914,1.362886667251587,0.6541751027107239
small-panther-lava,False,,,,,,0.0002464393328409,0.5012260675430298,11.249786376953123,3.4452580166544067e-06
strong-gecko-reed,False,,,,,,3.727904913830571e-05,0.2816770672798157,18.164718627929688,1.0993406185377808e-09
bright-cat-dust,False,,,,,,0.0960530042648315,0.1935907453298568,21.230655670166016,9.155027846929896e-09
rapid-heron-reed,False,,,,,,1.1222420653211884e-05,0.8473705053329468,2.827044486999512,0.3785832226276397
bright-goat-ruby,False,,,,,,0.0001759301667334,0.4474385976791382,13.241059303283691,1.9939429307669346e-07
silent-zebra-plume,False,,,,,,1.698304185993038e-05,0.3146578371524811,16.900409698486328,1.5425302990479397e-07
young-tiger-granite,False,,,,,,1.2268321370356716e-05,0.7773719429969788,4.731678009033203,0.3289112448692322
noble-tiger-stone,False,,,,,,1.748041540849954e-05,0.8552489876747131,2.612928867340088,0.0211163256317377
ivory-wolf-fern,False,,,,,,4.842257112613879e-05,0.4927211105823517,11.758428573608398,0.0029294395353645
deep-ram-orchid,False,,,,,,0.5026946663856506,0.9317220449447632,1.600776433944702,0.7934011816978455
dark-toad-ash,False,,,,,,0.6860091686248779,0.9789648056030272,0.7096034288406372,0.8687912821769714
silver-deer-willow,False,,,,,,0.0002125020400853,0.8706053495407104,3.148648738861084,0.663558304309845
scarlet-tiger-willow,False,,,,,,2.191408202634193e-05,0.2285526096820831,21.59592056274414,0.0109209213405847
lunar-mole-fern,True,Strong,4.48458523651077e-10,502162.628913642,0.0002474324223707,Full,0.0004652713250834,0.9251666069030762,1.3039827346801758,0.702846348285675
crimson-lynx-ice,True,Strong,5.733529297607061e-09,135934.114217209,0.0007793822264086,,0.0002376480115344,0.9240261316299438,1.2395273447036743,0.5806974768638611
silent-swan-jade,True,Strong,7.96104095473142e-09,248669.08976822,0.0018759149207914,,0.0234871562570333,0.9238279461860656,1.268954515457153,0.6885719895362854
brisk-bee-moss,True,Strong,6.135723271252921e-09,201524.315760725,0.0007063731902229,,0.0038669540081173,0.913097321987152,1.294893503189087,0.347868800163269
wild-mole-iron,False,,,,,,0.0003341706178616,0.8966786861419678,1.7555972337722778,0.4999171495437622
radiant-seal-opal,False,,,,,,0.0116259418427944,0.9352716207504272,1.1548118591308594,0.6750059127807617
brisk-kiwi-snow,False,,,,,,0.0064256996847689,0.9395050406455994,1.0858230590820312,0.755500078201294
strong-mole-cloud,False,,,,,,0.0042175236158072,0.927991509437561,1.3887207508087158,0.6171917915344238
silent-lynx-lotus,False,,,,,,7.554476178484038e-05,0.8936652541160583,1.6112747192382812,0.2609521150588989
quiet-heron-rose,False,,,,,,0.0001520436780992,0.8958682417869568,1.8704712390899656,0.2708390951156616
azure-ram-clay,False,,,,,,0.2157097905874252,0.9320594668388368,1.5680638551712036,0.7071592807769775
solid-otter-birch,False,,,,,,0.4080072343349457,0.907175362110138,1.843821406364441,0.7593486905097961
violet-bear-dust,False,,,,,,0.3855369091033935,0.8981203436851501,2.0816030502319336,0.7544065117835999
quiet-swan-willow,False,,,,,,0.4135334193706512,0.8933572769165039,2.348888397216797,0.734323263168335
wild-fox-ice,False,,,,,,0.4037119448184967,0.9074757099151612,2.0294346809387207,0.7609007358551025
amber-zebra-orchid,False,,,,,,0.5565688610076904,0.8899136185646057,2.4142396450042725,0.7112405300140381
quiet-lion-moss,False,,,,,,0.5260549783706665,0.9007319808006288,2.2579498291015625,0.7563217282295227
scarlet-bee-rose,False,,,,,,0.4341557323932647,0.922209084033966,1.851292610168457,0.7816675901412964
lunar-orca-pearl,False,,,,,,0.4961481392383575,0.8904629349708557,2.342616558074951,0.7363690137863159
brisk-tiger-maple,False,,,,,,0.0487958453595638,0.8581032752990723,2.324842929840088,0.3816014528274536
green-heron-crystal,False,,,,,,0.0001472544681746,0.642606794834137,7.391590118408203,5.546123134081427e-07
shy-lynx-jade,False,,,,,,0.7010922431945801,0.9256219267845154,1.6743953227996826,0.7784576416015625
scarlet-toad-iron,False,,,,,,0.6546003222465515,0.8348247408866882,3.246273994445801,0.6182829141616821
soft-vole-maple,False,,,,,,0.0067914263345301,0.9129618406295776,2.116105556488037,0.7238002419471741
steady-tiger-orchid,False,,,,,,0.6778885126113892,0.907946228981018,2.0420656204223637,0.6814664006233215
lunar-falcon-ember,False,,,,,,0.6844689249992371,0.918097198009491,1.719663381576538,0.7538437843322754
crimson-quail-reed,False,,,,,,0.4820186495780945,0.9122135639190674,2.385517120361328,0.6965236067771912
wild-vole-granite,False,,,,,,3.073126572417095e-05,0.8977195620536804,2.233749866485596,0.6603236198425293
rapid-wolf-willow,False,,,,,,0.6489364504814148,0.9434685111045836,1.2918908596038818,0.7659770250320435
rapid-ox-rose,False,,,,,,0.4987365305423736,0.9438371062278748,1.2974014282226562,0.8141186237335205
vast-crow-clay,False,,,,,,0.2861866950988769,0.9447322487831116,1.164823055267334,0.7858211994171143
golden-otter-cypress,False,,,,,,0.4877865314483642,0.9503933787345886,1.1932607889175415,0.7928351163864136
quiet-gecko-cloud,False,,,,,,0.2536136507987976,0.9124926924705504,2.1443910598754883,0.7733430862426758
solid-lion-bronze,False,,,,,,7.608680607518181e-05,0.9447137117385864,1.544682264328003,0.763181746006012
ivory-ram-maple,False,,,,,,0.6271812915802002,0.9321231245994568,1.09074068069458,0.7305388450622559
ivory-shark-jade,False,,,,,,0.7421213984489441,0.9282994270324708,1.1427810192108154,0.7490120530128479
swift-cobra-flint,False,,,,,,6.51192240184173e-05,0.7475392818450928,4.68975305557251,0.1254214346408844
pale-bat-ivy,False,,,,,,0.024709191173315,0.9162463545799256,1.895415544509888,0.7790183424949646
crimson-bear-ruby,False,,,,,,0.4849563241004944,0.9252543449401855,1.4025163650512695,0.7180512547492981
swift-goat-fern,False,,,,,,0.6417471170425415,0.899021565914154,2.133345127105713,0.609938383102417
solid-lynx-quartz,False,,,,,,0.4238700568675995,0.9069032073020936,1.6687384843826294,0.7708449959754944
golden-crow-ivy,False,,,,,,0.5448969602584839,0.9073044061660768,2.09026837348938,0.7612642645835876
noble-otter-opal,False,,,,,,0.5518425107002258,0.8933684825897217,2.2031655311584477,0.7549949288368225
vast-lion-frost,False,,,,,,0.544291079044342,0.8996255397796631,2.163747310638428,0.7395744323730469
misty-cat-willow,False,,,,,,0.5502400994300842,0.8599249720573425,2.517096281051636,0.6697899103164673
misty-vole-dust,False,,,,,,0.4190007746219635,0.9034134149551392,2.008063316345215,0.7611397504806519
solid-toad-stone,False,,,,,,0.5492112636566162,0.9126521348953248,2.093906879425049,0.7820146083831787
frozen-mole-lava,False,,,,,,0.5212575197219849,0.9113110899925232,1.6736620664596558,0.7680938839912415
wild-ram-ivy,False,,,,,,0.1346039921045303,0.9412126541137696,1.483311891555786,0.7886584401130676
hollow-ibis-rose,False,,,,,,0.5630197525024414,0.9398599863052368,1.3756186962127686,0.8091164827346802
lunar-crane-lava,False,,,,,,0.2038388550281524,0.9478603601455688,1.2779253721237185,0.7667381763458252
quick-quail-leaf,False,,,,,,0.0455664061009883,0.8678380250930786,3.3486618995666504,0.5897791981697083
dark-ibis-oak,False,,,,,,0.0001543782564112,0.4058071076869964,16.65888786315918,0.000899059115909
swift-shark-pine,False,,,,,,0.7277785539627075,0.9315003156661988,1.455719232559204,0.7510284781455994
rapid-mole-sand,False,,,,,,0.5592411160469055,0.931385099887848,1.5288923978805542,0.7585944533348083
steady-bison-cypress,False,,,,,,0.084494948387146,0.6977503895759583,7.160435676574707,0.308912992477417
brisk-deer-opal,False,,,,,,0.5315931439399719,0.9504782557487488,1.0030570030212402,0.8272889256477356
frozen-bear-flint,True,Strong,2.40046965638404e-08,7704.38615622457,0.0001511164263949,,0.5962655544281006,0.9671613574028016,0.7143621444702148,0.815360963344574
crimson-toad-orchid,False,,,,,,0.6673061847686768,0.9420611262321472,0.8702661991119385,0.8073339462280273
young-quail-clay,True,Strong,9.57341113689309e-10,29574.0266692389,0.0001109782043147,,0.3440757989883423,0.9608920216560364,0.7171235084533691,0.8077980279922485
shy-eagle-fern,True,Strong,1.1536467634764202e-09,147404.896782464,0.0002015458019363,,0.446677953004837,0.9483118653297424,1.0782362222671509,0.7868606448173523
silent-hawk-wave,False,,,,,,0.2481987923383712,0.7265598773956299,5.617271423339844,0.2358233481645584
ivory-deer-jade,False,,,,,,0.2655355334281921,0.8269874453544617,4.0714945793151855,0.6372063159942627
jade-ox-rose,False,,,,,,0.6167442798614502,0.9153448939323424,2.038825273513794,0.7736836075782776
pale-zebra-quartz,False,,,,,,0.6671563386917114,0.9286999702453612,1.6578662395477295,0.799643874168396
hollow-jaguar-pine,False,,,,,,0.7172552347183228,0.9484256505966188,1.2096072435379028,0.8233090043067932
golden-cat-orchid,False,,,,,,0.4060298502445221,0.7618690729141235,4.904353141784668,0.5152337551116943
swift-kiwi-vine,False,,,,,,0.0004286126932129,0.9385857582092284,1.5728871822357178,0.8242678046226501
rapid-lion-reed,False,,,,,,0.4244402050971985,0.9247318506240844,1.2892913818359375,0.7727888822555542
dark-jaguar-ember,False,,,,,,8.677323057781905e-05,0.8216080069541931,4.296288967132568,0.5290576219558716
gentle-raven-rose,True,Medium,4.65230640705699e-07,2483.92292798099,0.0008047701415631,,0.0397637747228145,0.7500099539756775,3.3011116981506348,1.743337452353444e-05
silver-jaguar-jade,False,,,,,,0.001632799510844,0.5470394492149353,11.083580017089844,0.1040377616882324
mellow-bison-frost,False,,,,,,6.136123556643724e-05,0.1845250129699707,23.57302474975586,0.0028880727477371
hollow-bat-snow,False,,,,,,0.0911099463701248,0.441188633441925,11.429868698120115,1.4783400104079194e-07
quick-toad-jade,False,,,,,,0.0071145095862448,0.7974094748497009,3.4435691833496094,0.0644767805933952
golden-ant-pine,False,,,,,,0.00714279897511,0.7447927594184875,5.721076011657715,0.002823612652719
ivory-goat-clay,False,,,,,,0.1788330376148224,0.6906090974807739,6.129246234893799,0.3038476705551147
steady-ant-vine,False,,,,,,0.0005222913459874,0.4650343656539917,11.6712646484375,1.993529849642073e-06
pale-mole-snow,False,,,,,,2.77904200629564e-05,0.8719538450241089,2.227747917175293,0.7608423233032227
ivory-lion-leaf,False,,,,,,0.0135686919093132,0.9166339635849,2.1218063831329346,0.7946978807449341
violet-ibis-vine,False,,,,,,1.8566792277852077e-05,0.6123136878013611,10.477015495300291,0.231511577963829
frozen-falcon-reed,False,,,,,,2.5805593395489268e-05,0.290728747844696,14.72752285003662,0.0555517636239528
calm-orca-lava,False,,,,,,0.0378217846155166,0.5192336440086365,9.997809410095217,0.1778987199068069
pale-seal-lotus,False,,,,,,0.0141635630279779,0.9047288298606871,2.394973993301392,0.7820859551429749
crimson-dove-frost,False,,,,,,1.5241148503264412e-05,0.3888857960700989,17.20411491394043,0.022948844358325
quick-ox-vine,False,,,,,,1.9113331291009672e-05,0.2864693999290466,20.088266372680664,0.0268797129392623
green-cobra-bronze,False,,,,,,0.0228603221476078,0.6152979731559753,7.309834957122803,0.364111453294754
quiet-toad-cedar,False,,,,,,1.2359667380223982e-05,0.3703163564205169,16.24492835998535,0.0271367840468883
noble-owl-pine,False,,,,,,0.0030352096073329,0.9333399534225464,1.8518004417419436,0.7492549419403076
solid-gecko-willow,True,Strong,5.5534363301209104e-09,11601.5747830797,0.0001278106918231,,0.2842950820922851,0.927027940750122,1.2767497301101685,9.358332135889214e-06
scarlet-raven-maple,True,Strong,4.65851129960543e-10,603222.511763411,0.0001803066929624,Full,0.0010989547008648,0.9312527775764464,1.140995740890503,0.6775046586990356
shy-panda-lotus,True,Strong,6.9449918240618306e-09,230639.017426781,0.0016771683138765,,0.0020158304832875,0.920180082321167,1.1961207389831543,0.5487666726112366
radiant-shark-birch,True,Strong,3.7848888960951605e-09,446161.686670423,0.0014796352733024,,0.0004897495964542,0.8957602977752686,1.6263840198516846,0.5831246376037598
steady-eagle-moss,True,Strong,3.2187848041319e-08,55166.7675518559,0.0007200475830164,,0.0017757123569026,0.9090007543563844,1.2807319164276123,0.2790217697620392
golden-hawk-cypress,False,,,,,,0.0287243425846099,0.8332166075706482,3.803643941879273,0.6126891374588013
dark-fox-ember,False,,,,,,0.0002264659415232,0.9401008486747742,1.4342379570007324,0.8130441308021545
deep-raven-frost,False,,,,,,0.002477875445038,0.7338483333587646,6.532229423522949,0.3808719217777252
vast-owl-moss,False,,,,,,0.5630918741226196,0.9374664425849916,1.5826857089996338,0.7283794283866882
scarlet-otter-fern,False,,,,,,0.1920750141143798,0.9327600598335266,1.5901620388031006,0.7940349578857422
azure-dove-flint,False,,,,,,0.016556991264224,0.804061233997345,4.269389152526856,0.5523895621299744
jade-heron-oak,False,,,,,,0.0202065240591764,0.6566530466079712,8.050629615783691,0.0003373685467522
solid-mole-crystal,False,,,,,,0.5658937692642212,0.931545913219452,1.3068370819091797,0.7382592558860779
crimson-crow-cloud,False,,,,,,0.1653783023357391,0.9227799773216248,1.9326372146606443,0.7887563109397888
pale-panther-ice,False,,,,,,0.6696288585662842,0.9299688339233398,1.187408208847046,0.5427932739257812
misty-zebra-ember,False,,,,,,0.2558711767196655,0.9336984753608704,1.145770788192749,0.7432385087013245
radiant-shark-ruby,False,,,,,,0.7348632216453552,0.9260857105255128,1.543292999267578,0.7297228574752808
crimson-toad-pearl,False,,,,,,0.5587294697761536,0.9450501203536988,0.9752274751663208,0.7705255150794983
silver-falcon-sand,False,,,,,,1.5132707630982624e-05,0.2936993539333343,16.753379821777344,0.0328981317579746
wild-jaguar-vine,False,,,,,,0.0198618546128273,0.8683688640594482,2.93979811668396,0.5730805993080139
silent-heron-rose,False,,,,,,0.6539154052734375,0.9286436438560486,1.2183698415756226,0.7442697882652283
soft-panda-snow,True,Strong,8.0262641453634e-10,95058.5594354749,0.0001129817597525,,0.1303866654634475,0.2413627952337265,18.996265411376957,0.0087343668565154
ivory-jaguar-granite,False,,,,,,0.0001424621732439,0.8417267203330994,3.3328616619110107,0.4347777962684631
pale-hawk-bronze,False,,,,,,0.104805402457714,0.8714715242385864,3.2166013717651367,0.6770239472389221
shy-vole-dust,False,,,,,,0.5423183441162109,0.8437948822975159,3.405351400375366,0.6347339153289795
small-swan-birch,False,,,,,,0.1633967161178589,0.9286046028137208,1.325391411781311,0.7096539735794067
noble-goat-fern,False,,,,,,0.7241911292076111,0.8599865436553955,2.9319217205047607,0.6272075772285461
radiant-zebra-opal,False,,,,,,0.0016782151069492,0.8872355222702026,1.8946272134780884,0.7376185655593872
radiant-deer-wave,False,,,,,,0.0003890770603902,0.7199017405509949,6.493293762207031,0.4703344106674194
hollow-goat-wave,False,,,,,,0.5705746412277222,0.9408912062644958,1.4016549587249756,0.8062049746513367
brisk-jaguar-cedar,False,,,,,,0.553012490272522,0.8918498754501343,2.455092668533325,0.6647060513496399
strong-boar-leaf,False,,,,,,0.4075386524200439,0.8692582845687866,3.287117481231689,0.4788655638694763
noble-toad-reed,False,,,,,,0.5632304549217224,0.9491220712661744,1.283863544464111,0.8122633695602417
calm-ram-sand,False,,,,,,3.580959310056642e-05,0.5884625315666199,9.487269401550291,2.86446404373919e-08
crimson-hawk-cedar,False,,,,,,0.0074576465412974,0.8990668058395386,1.357752561569214,0.1481604874134063
hollow-panther-rose,False,,,,,,0.0041956887580454,0.5679148435592651,7.70936107635498,3.875845322909299e-06
amber-owl-iron,False,,,,,,0.4198147654533386,0.9247999787330629,1.999388694763184,0.7748463749885559
mellow-zebra-moss,False,,,,,,0.4406785666942596,0.907871961593628,2.49960732460022,0.7327243685722351
noble-mole-frost,False,,,,,,0.0902876257896423,0.9054861068725586,2.232609748840332,0.757716953754425
dark-goat-clay,False,,,,,,0.304186463356018,0.9384710788726808,1.676525592803955,0.7915173768997192
deep-lion-stone,False,,,,,,0.3033230602741241,0.9138334393501282,2.055026769638061,0.7622367143630981
wild-yak-ice,False,,,,,,0.3788704872131347,0.9167771935462952,2.1559009552001958,0.7568875551223755
silver-bison-birch,False,,,,,,0.3848959505558014,0.921835720539093,1.967048168182373,0.7504793405532837
amber-boar-reed,False,,,,,,0.068750075995922,0.9453865885734558,1.174854755401611,0.8221695423126221
jade-mole-willow,False,,,,,,0.5671690702438354,0.907711148262024,2.104987382888794,0.7316721677780151
gentle-quail-lava,False,,,,,,0.5076051950454712,0.9009808897972108,2.2609095573425293,0.7135096788406372
calm-wolf-ruby,False,,,,,,1.4306985576695295e-05,0.7736860513687134,6.334967613220215,0.2354140877723693
hollow-toad-cedar,False,,,,,,4.351404641056433e-05,0.9577491879463196,0.9875208139419556,0.7699058055877686
dark-deer-ember,False,,,,,,0.5717484354972839,0.873261034488678,2.873582124710083,0.680989682674408
golden-kiwi-ivy,False,,,,,,0.3774589002132416,0.9128492474555968,1.918718099594116,0.7725592255592346
deep-vole-orchid,False,,,,,,0.0549163036048412,0.9408537745475768,1.0355304479599,0.7291114926338196
jade-cobra-pearl,False,,,,,,0.6954060196876526,0.9301971197128296,1.4955211877822876,0.5349909663200378
hollow-shark-ash,False,,,,,,4.1029943531611934e-05,0.831388533115387,3.580105781555176,0.2422466427087783
deep-raven-topaz,False,,,,,,2.9743561754003167e-05,0.7063208222389221,6.053430080413818,0.0712817758321762
frozen-yak-granite,True,Strong,2.47891870676426e-08,17535.885218353,0.0004339759700171,,0.1702921241521835,0.822531521320343,2.745203018188477,0.4928404688835144
shy-ibis-stone,True,Strong,1.48974869021639e-08,20806.0164400461,0.0002727497456993,,0.1937918215990066,0.898297131061554,1.7640483379364014,0.5700221657752991
silver-bee-leaf,True,Strong,4.84037797695395e-08,16391.9336296236,0.00078300899453,,0.1627910733222961,0.6404464244842529,5.50434160232544,0.1934049725532531
swift-toad-fern,False,,,,,,7.57048765080981e-05,0.92669677734375,1.1305265426635742,0.6697032451629639
dark-vole-cypress,False,,,,,,0.0143354050815105,0.941336154937744,1.041354060173035,0.738123893737793
noble-gecko-marble,True,Strong,1.35383139252497e-08,59998.1863177409,0.0007668903021945,,0.007916479371488,0.9310956001281738,1.177182674407959,0.679886519908905
frozen-jaguar-onyx,True,Strong,6.763551112961431e-09,69370.2411311477,0.0005468469177336,,0.0057307025417685,0.9184309244155884,1.524944305419922,0.6176480650901794
amber-bee-plume,False,,,,,,0.1631526201963424,0.3211670517921448,15.159780502319336,0.0112135419622063
strong-cat-orchid,False,,,,,,3.678202483570203e-05,0.7805933952331543,5.21330451965332,0.4360623359680176
quiet-wolf-ember,False,,,,,,0.6855059266090393,0.9360402822494508,1.4500305652618408,0.7709010243415833
hollow-boar-opal,False,,,,,,7.644190918654203e-05,0.685699462890625,7.873570442199707,0.0795843526721
scarlet-boar-pine,False,,,,,,0.0055212136358022,0.3636609017848968,16.248062133789062,5.6748817450769096e-11
young-boar-ivy,False,,,,,,0.2899985015392303,0.9310129880905152,1.3840446472167969,0.6597262024879456
brisk-gecko-fern,False,,,,,,0.0442586317658424,0.6259106397628784,9.406185150146484,0.043046984821558
wild-yak-lava,False,,,,,,0.6003097295761108,0.9031809568405152,2.2213921546936035,0.6988261938095093
scarlet-jaguar-snow,False,,,,,,0.6453489065170288,0.8831787705421448,2.595076560974121,0.6555555462837219
shy-moth-crystal,False,,,,,,0.0049248007126152,0.7275834083557129,6.063143730163574,0.3243578374385834
violet-lion-iron,False,,,,,,0.0687504634261131,0.8989899158477783,1.8109073638916016,0.7119866013526917
rough-fox-moss,False,,,,,,0.2014228701591491,0.9022345542907716,2.3286890983581543,0.7521082162857056
silver-fox-oak,False,,,,,,0.3050831258296966,0.901090681552887,1.954627990722656,0.7598705887794495
strong-panther-bronze,False,,,,,,0.1916338056325912,0.8838484287261963,2.185990571975708,0.6823447346687317
young-ant-marble,False,,,,,,0.4596450626850128,0.9042252898216248,2.1877663135528564,0.7548116445541382
hollow-bison-onyx,False,,,,,,0.0191638097167015,0.9490463137626648,1.2702817916870115,0.7842689156532288
vast-bison-leaf,False,,,,,,0.5718762874603271,0.943679928779602,1.4147624969482422,0.8074646592140198
golden-wolf-topaz,False,,,,,,0.3211384415626526,0.9119648337364196,2.11474871635437,0.7716055512428284
deep-jaguar-ice,False,,,,,,0.0015148194506764,0.9366106390953064,1.3919581174850464,0.5238475203514099
brisk-heron-frost,False,,,,,,0.3146684765815735,0.9143115282058716,2.115558624267578,0.7809633612632751
wild-swan-ruby,False,,,,,,0.0018921225564554,0.5013249516487122,13.896444320678713,0.1179302111268043
young-tiger-maple,False,,,,,,0.0010670946212485,0.9588319063186646,1.2592577934265137,0.8334657549858093
quick-deer-snow,False,,,,,,0.0765072852373123,0.926030457019806,1.5453050136566162,0.8282118439674377
vast-quail-sand,False,,,,,,0.0255911890417337,0.879548192024231,2.278227567672729,0.770577609539032
misty-dove-jade,False,,,,,,0.5602307319641113,0.8921260237693787,2.447237968444824,0.7287408709526062
frozen-dove-ivy,False,,,,,,0.6098217368125916,0.9426758289337158,1.3200281858444214,0.8174331188201904
mellow-deer-crystal,False,,,,,,0.0086092613637447,0.8803530931472778,2.7138748168945312,0.7055566906929016
hollow-panda-frost,False,,,,,,0.0023605653550475,0.8016778230667114,4.808547019958496,0.4929537773132324
silent-shark-sand,False,,,,,,0.0014236365677788,0.8618555665016174,3.7499613761901855,0.6770036220550537
bright-boar-pine,False,,,,,,0.0028925891965627,0.8822276592254639,1.7729436159133911,0.0642164573073387
steady-crow-vine,False,,,,,,3.2509407901670784e-05,0.9295880794525146,1.7370457649230957,0.8095977902412415
mellow-bat-willow,False,,,,,,3.270309025538154e-05,0.4717579483985901,14.625027656555176,0.0633283481001854
radiant-vole-sand,False,,,,,,9.44671864999691e-06,0.346385508775711,18.999675750732425,0.0251775383949279
shy-toad-maple,False,,,,,,0.000978510826826,0.5215535759925842,10.020217895507812,1.0355491895097655e-06
quick-goat-willow,False,,,,,,0.4766397178173065,0.8921926617622375,1.7838010787963867,0.5705080628395081
azure-cat-cypress,False,,,,,,0.5124955773353577,0.9500361680984496,1.0078039169311523,0.8252966403961182
bright-ram-ember,False,,,,,,0.3277346789836883,0.8272941708564758,5.193573951721191,0.4655949771404266
ivory-quail-frost,False,,,,,,0.0475035347044467,0.829715371131897,3.171826124191284,0.414438396692276
quiet-bee-cedar,False,,,,,,0.0001094067411031,0.7511776089668274,6.329014778137207,0.2605935931205749
gentle-eagle-dust,False,,,,,,0.0008275145082734,0.926541805267334,1.6173081398010254,0.7506213188171387
misty-yak-leaf,False,,,,,,0.0002678091404959,0.5972537398338318,9.396316528320312,0.1226615011692047
pale-seal-moss,False,,,,,,0.0137349655851721,0.847658097743988,3.612549304962158,0.6513174772262573
dark-ibis-vine,True,Medium,2.11784330452892e-07,10731.1015958753,0.0022726791665044,,3.616484173107892e-05,0.6200293302536011,10.136658668518066,0.1837222427129745
solid-hawk-quartz,True,Medium,6.23935460862555e-08,7412.84247570337,0.0004374714047694,,0.0004415165167301,0.7504414916038513,6.770834445953369,0.5230156183242798
shy-moth-topaz,False,,,,,,0.0009820011910051,0.648269772529602,8.151756286621094,0.1510398834943771
silver-gecko-wave,False,,,,,,0.0001148099981946,0.7280802726745605,5.752756118774414,0.4577487707138061
violet-bison-ember,False,,,,,,0.0011137604014948,0.434546411037445,14.208810806274414,0.010121134109795
soft-crow-dust,False,,,,,,0.7315067052841187,0.9549448490142822,1.0207304954528809,0.8012595176696777
hollow-heron-ice,False,,,,,,0.3711666762828827,0.9117686152458192,2.181924104690552,0.5696000456809998
quiet-seal-thorn,False,,,,,,0.2363677322864532,0.9161562323570251,2.165188789367676,0.6685733795166016
violet-quail-cloud,False,,,,,,8.318189429701306e-06,0.8922496438026428,2.26807165145874,0.4184624254703522
wild-dove-rose,False,,,,,,0.0681268125772476,0.7774509191513062,4.214870452880859,0.306457906961441
lunar-moth-wave,False,,,,,,0.005267109721899,0.7683020830154419,3.844252347946167,0.0045589408837258
soft-crane-frost,False,,,,,,0.0131056187674403,0.6949072480201721,6.129355430603027,0.0001920942886499
violet-otter-frost,False,,,,,,0.0114077487960457,0.9226974844932556,1.7059502601623535,0.7505452632904053
noble-ibis-moss,False,,,,,,0.4865016043186188,0.9094675183296204,2.080827474594116,0.6738629341125488
noble-owl-clay,False,,,,,,0.7182191014289856,0.9596976041793824,1.0043193101882937,0.7887365221977234
brisk-cobra-maple,False,,,,,,0.0515279285609722,0.7672410607337952,5.605153560638428,0.2438035756349563
ivory-falcon-rose,False,,,,,,0.4815538823604584,0.9269251823425292,1.581865668296814,0.6351920366287231
deep-seal-rose,False,,,,,,0.6160183548927307,0.956863522529602,1.0727157592773438,0.8154446482658386
shy-ox-cloud,False,,,,,,0.3543986678123474,0.932759165763855,1.6908957958221436,0.8049079179763794
jade-shark-lotus,False,,,,,,0.3675054609775543,0.9499531984329224,1.274500846862793,0.8376790881156921
lunar-fox-opal,False,,,,,,0.3295124471187591,0.9646344184875488,0.794725775718689,0.8562500476837158
amber-falcon-pearl,False,,,,,,0.5831769704818726,0.9609458446502686,0.8647765517234802,0.8309915065765381
young-toad-ice,False,,,,,,0.6692508459091187,0.9442758560180664,1.360107421875,0.6853860020637512
ivory-zebra-ash,False,,,,,,0.6805179119110107,0.931580364704132,1.508793830871582,0.637835681438446
deep-quail-crystal,False,,,,,,0.041258830577135,0.882363498210907,2.8265604972839355,0.7212283611297607
pale-owl-lava,False,,,,,,0.5736029148101807,0.9306909441947936,1.7124497890472412,0.8111174702644348
gentle-bison-marble,True,Strong,1.42281751508607e-08,9794.62059099383,0.0001969972969351,,0.3734618425369262,0.92323899269104,1.1841108798980713,0.714514434337616
dark-boar-ice,True,Strong,5.687686170773051e-09,5427.39955138072,3.0869345371648e-05,,0.4032409787178039,0.914180874824524,1.0208837985992432,0.3888914287090301
noble-swan-clay,True,Strong,3.12281204596121e-08,15404.1922344357,0.0002927429533758,,0.3202466964721679,0.9617838859558104,0.6838953495025635,0.8090322613716125
steady-eagle-oak,True,Medium,7.82424707718763e-08,33137.1888041303,0.0014347943662947,,0.4917293488979339,0.8912244439125061,1.8514518737792969,0.7230156064033508
swift-ibis-sand,True,Strong,1.33612339125772e-08,114641.097697408,0.0003541511035209,,0.3470938205718994,0.9335843920707704,1.0062987804412842,0.7812960743904114
quiet-raven-clay,False,,,,,,0.0630311667919159,0.9215434789657592,1.4029310941696167,0.6624510288238525
calm-ant-dust,False,,,,,,0.1605824679136276,0.9375898241996764,1.6070423126220703,0.7161619067192078
shy-moth-ice,False,,,,,,0.2633658647537231,0.9502828121185304,1.166226506233215,0.8035807013511658
vast-crow-leaf,False,,,,,,0.6214588284492493,0.9076873660087584,2.04279899597168,0.7440719604492188
lunar-ant-orchid,False,,,,,,0.3912930488586426,0.9315103888511658,1.7237186431884766,0.7915681600570679
solid-crow-moss,False,,,,,,0.2509167492389679,0.941123366355896,1.5390357971191406,0.8131611943244934
scarlet-lynx-lava,False,,,,,,0.0004217797250021,0.9129269123077391,1.8920550346374512,0.721503496170044
strong-ox-granite,False,,,,,,0.525964081287384,0.9306222200393676,1.744825005531311,0.769059419631958
silver-falcon-cedar,False,,,,,,0.0015218773623928,0.7965300679206848,3.682761669158936,0.0791848823428154
deep-eagle-ivy,False,,,,,,0.2590082883834839,0.9285219311714172,1.7963249683380127,0.6549145579338074
crimson-orca-quartz,False,,,,,,0.0034016331192106,0.9052048921585084,2.414906740188598,0.6846461296081543
vast-crow-opal,False,,,,,,0.4088606536388397,0.9394607543945312,1.4085280895233154,0.8040845394134521
crimson-gecko-pine,False,,,,,,0.0003131913545075,0.9058365225791932,2.3597395420074463,0.7688113451004028
silent-lynx-clay,False,,,,,,0.0005497793317772,0.9161254167556764,1.970062255859375,0.7750638723373413
silver-fox-cypress,False,,,,,,0.006400161422789,0.92289137840271,1.7177603244781494,0.7702303528785706
small-hawk-birch,False,,,,,,0.2273930758237838,0.944463312625885,1.392435073852539,0.8076302409172058
swift-dove-ice,False,,,,,,8.11545251053758e-05,0.9048665165901184,2.3861517906188965,0.7550383806228638
quiet-tiger-vine,False,,,,,,0.0022516115568578,0.9260398745536804,1.15165114402771,0.6290757656097412
ivory-shark-crystal,False,,,,,,0.001581372693181,0.8733923435211182,1.9747154712677,0.3122665584087372
vast-ram-cedar,False,,,,,,0.0070655951276421,0.9180144667625428,1.3574670553207395,0.6503052115440369
small-fox-flint,False,,,,,,0.0018728654831647,0.7695282697677612,5.046525955200195,0.0024958113208413
misty-bison-lava,False,,,,,,5.914213943469804e-06,0.6982835531234741,7.302195072174072,0.0462543070316314
dark-ant-crystal,False,,,,,,1.143574536399683e-05,0.7528722882270813,4.752341747283936,0.0753745734691619
rough-tiger-snow,False,,,,,,0.0301824696362018,0.9410756826400756,1.1044925451278689,0.7605228424072266
misty-bee-stone,False,,,,,,0.0007034226437099,0.8920020461082458,1.7006511688232422,0.3624825775623321
steady-cat-jade,False,,,,,,5.9554095059866086e-06,0.9059741497039796,1.6115713119506836,0.5148678421974182
green-fox-fern,False,,,,,,0.0110316956415772,0.8051958084106445,3.3925411701202397,0.0042700828053057
frozen-orca-ruby,False,,,,,,8.323928341269493e-06,0.6154414415359497,10.727073669433594,0.2022868692874908
misty-cobra-crystal,False,,,,,,0.5343624353408813,0.898198664188385,2.119548320770264,0.6520732045173645
mellow-heron-leaf,False,,,,,,0.0002430814347462,0.937070906162262,1.4346694946289062,0.8270742297172546
pale-gecko-cypress,False,,,,,,0.0015260186046361,0.7634769678115845,5.235374450683594,0.4455460906028747
misty-dove-flint,False,,,,,,0.0011361649958416,0.6976839303970337,7.648945808410644,0.1399781107902526
shy-fox-marble,False,,,,,,0.1686994582414627,0.9314507246017456,1.2959084510803225,0.8183514475822449
soft-bison-onyx,False,,,,,,0.0548191964626312,0.8681791424751282,2.8942830562591557,0.6815848350524902
soft-ant-ember,False,,,,,,1.188696114695631e-05,0.3086926937103271,19.36216163635254,0.0107966400682926
bright-ram-jade,False,,,,,,0.0091066490858793,0.8509423136711121,3.62911319732666,0.5564867854118347
quiet-panther-wave,False,,,,,,0.0269890427589416,0.8199799656867981,3.8204827308654794,0.6879879236221313
ivory-deer-clay,False,,,,,,0.090089313685894,0.8906548023223877,2.220163345336914,0.7895262837409973
soft-panda-rose,False,,,,,,0.0254914704710245,0.4961467981338501,10.481444358825684,0.1612017750740051
golden-owl-onyx,False,,,,,,0.0407238975167274,0.6965981125831604,6.102783203125,0.4721890091896057
jade-cobra-thorn,False,,,,,,0.0363343209028244,0.3914951086044311,10.31750202178955,0.1461489498615265
radiant-falcon-pearl,False,,,,,,0.0016696037491783,0.9518603682518004,1.3814305067062378,0.7416066527366638
steady-eagle-ice,False,,,,,,0.0002392656897427,0.8868484497070312,2.572791814804077,0.717510461807251
wild-bear-maple,False,,,,,,0.7590551376342773,0.9617131948471068,1.0708720684051514,0.7945786714553833
pale-bear-thorn,False,,,,,,0.6879677772521973,0.9294261932373048,1.516801357269287,0.7813184857368469
crimson-falcon-orchid,False,,,,,,0.7137378454208374,0.9185096621513368,1.6872477531433103,0.7687212228775024
shy-bison-sand,False,,,,,,0.5691206455230713,0.944758951663971,1.2342840433120728,0.8011707663536072
strong-tiger-thorn,False,,,,,,0.4453341364860534,0.9301654100418092,1.9834140539169312,0.7990458011627197
hollow-heron-thorn,False,,,,,,0.7739351391792297,0.9527053236961364,0.8873058557510376,0.8037540316581726
azure-crow-cypress,False,,,,,,0.0100128594785928,0.6969993710517883,7.052679061889648,0.052494004368782
gentle-gecko-jade,False,,,,,,0.011390090920031,0.9152112007141112,1.956284046173096,0.8135176301002502
strong-quail-ember,False,,,,,,0.0353869311511516,0.9552834630012512,1.2446264028549194,0.8276265263557434
calm-cobra-stone,False,,,,,,0.0416818708181381,0.9057604074478148,2.2651937007904053,0.750914990901947
rapid-gecko-ice,False,,,,,,0.5083028078079224,0.915427267551422,1.7639377117156982,0.7530287504196167
misty-zebra-ruby,False,,,,,,0.2663742005825043,0.945440113544464,1.3254975080490112,0.8483356833457947
strong-mole-cypress,False,,,,,,0.0148611245676875,0.9519412517547609,1.2507853507995603,0.8343885540962219
radiant-zebra-iron,False,,,,,,0.4724045693874359,0.9437576532363892,1.4896235466003418,0.744461715221405
rapid-crow-orchid,False,,,,,,0.3735259473323822,0.8897353410720825,2.262666940689087,0.4917480945587158
pale-swan-jade,False,,,,,,0.3482570648193359,0.9309828877449036,1.6371238231658936,0.7992115020751953
pale-crow-pearl,False,,,,,,0.214901864528656,0.9628806710243224,0.847161054611206,0.8248047232627869
mellow-moth-lotus,False,,,,,,0.5802289247512817,0.9197733402252196,1.7409682273864746,0.4065777361392975
soft-ibis-vine,False,,,,,,0.6861667633056641,0.9227114915847778,1.6311023235321045,0.7912141680717468
small-wolf-pine,False,,,,,,0.3819102942943573,0.1948935389518737,19.40441131591797,0.0028950967825949
wild-quail-moss,False,,,,,,0.256531298160553,0.9169804453849792,2.0237996578216557,0.6287809610366821
quiet-fox-clay,False,,,,,,0.0004982550744898,0.7522568702697754,4.327364921569824,0.0005904224817641
wild-lynx-pearl,False,,,,,,0.003812699811533,0.9171885848045348,2.1424484252929688,0.7658946514129639
silver-heron-granite,False,,,,,,0.4298992156982422,0.910697877407074,2.032926559448242,0.7695666551589966
quick-yak-leaf,False,,,,,,0.5508753657341003,0.912445604801178,1.927905559539795,0.7743186950683594
golden-owl-fern,False,,,,,,0.6231130957603455,0.9413829445838928,1.3363274335861206,0.7957400679588318
strong-ant-wave,False,,,,,,0.2995428442955017,0.940794050693512,1.3363037109375,0.8156748414039612
silver-crane-lava,False,,,,,,0.3896608054637909,0.9399327039718628,1.4093420505523682,0.8184354901313782
azure-ibis-dust,False,,,,,,0.458113819360733,0.9157894849777222,1.8730552196502688,0.7801258563995361
golden-raven-fern,True,Medium,1.20002326693451e-07,10312.1489468496,0.0013844751611297,,0.643562912940979,0.8883748054504395,2.75276780128479,0.7036178708076477
dark-orca-topaz,False,,,,,,0.000171913896338,0.5365520715713501,11.653356552124023,0.0040808152407407
strong-toad-dust,False,,,,,,0.4742875397205353,0.933221697807312,1.6316081285476685,0.7346743941307068
rough-bison-flint,False,,,,,,0.6482649445533752,0.9639626741409302,0.8984777331352234,0.8276371359825134
dark-yak-snow,True,Strong,3.26426069600762e-08,10995.5650614511,0.0003613051157095,,0.0004705561732407,0.8742325901985168,3.163011074066162,0.639689028263092
steady-mole-quartz,False,,,,,,0.6830843687057495,0.9446413516998292,1.3513402938842771,0.7730966806411743
vast-mole-thorn,False,,,,,,0.6761409640312195,0.9501520991325378,1.1233441829681396,0.7896408438682556
rapid-cat-plume,True,Strong,5.38336407498334e-08,15165.6416876196,0.0005027504314202,,0.6807103157043457,0.9517374038696288,1.1578946113586426,0.8237388730049133
solid-mole-quartz,False,,,,,,0.6987740397453308,0.9499161839485168,1.1922814846038818,0.8023496270179749
silent-toad-ash,False,,,,,,0.6835981011390686,0.9437387585639954,1.2203116416931152,0.7861807346343994
rough-cat-ash,False,,,,,,0.5689710378646851,0.9286059737205504,1.855328917503357,0.7910340428352356
silent-gecko-vine,False,,,,,,0.5609908103942871,0.9251878261566162,1.7794358730316162,0.7856041193008423
small-moth-lotus,False,,,,,,0.5503860712051392,0.93771892786026,1.493708252906799,0.8128369450569153
bright-yak-pine,False,,,,,,0.503753662109375,0.9466140866279602,1.174426794052124,0.7097842693328857
dark-bat-quartz,False,,,,,,0.5444838404655457,0.9402514100074768,1.5016542673110962,0.7975456714630127
radiant-mole-quartz,False,,,,,,0.5413554310798645,0.9088302850723268,1.9782512187957764,0.7725633978843689
frozen-lynx-vine,False,,,,,,0.542509913444519,0.9033841490745544,2.268629789352417,0.7278462052345276
silver-crow-frost,False,,,,,,0.4556055665016174,0.909903645515442,2.155356407165528,0.756439208984375
silver-kiwi-reed,False,,,,,,0.5659484267234802,0.8455648422241211,3.576213836669922,0.6353094577789307
radiant-boar-frost,False,,,,,,0.6513645648956299,0.7672616839408875,5.107035636901856,0.4307952225208282
scarlet-orca-marble,False,,,,,,0.2959308624267578,0.9050083160400392,2.285202980041504,0.7090598940849304
golden-bison-reed,True,Medium,1.72681059929511e-07,4616.43660211025,0.0005448339138356,,0.7046683430671692,0.9330552220344543,1.4605063199996948,0.703173816204071
pale-cat-plume,True,Strong,6.35268987883547e-08,9978.84704776766,0.000642077873217,,0.7417739033699036,0.9418665766716005,1.2772750854492188,0.7508925199508667
misty-quail-maple,False,,,,,,0.0047445599921047,0.9059537649154664,2.0460216999053955,0.7476981282234192
wild-bee-orchid,True,Medium,1.57509225875757e-07,3312.70605806304,0.0005833915954697,,0.2037831395864486,0.9370796084403992,1.3725967407226562,0.744881272315979
scarlet-orca-oak,False,,,,,,0.5990684628486633,0.8706664443016052,2.858767032623291,0.5457172393798828
quiet-lynx-cloud,False,,,,,,0.3594415485858917,0.9152176380157472,1.8644812107086184,0.6185486316680908
young-mole-frost,False,,,,,,0.5545547604560852,0.9039077758789062,2.171847105026245,0.7203966379165649
silent-ram-quartz,False,,,,,,0.6385729312896729,0.9011390209197998,2.156709671020508,0.6708558201789856
crimson-kiwi-cloud,False,,,,,,0.2677812874317169,0.9556519985198976,1.1092305183410645,0.697490394115448
ivory-dove-ivy,False,,,,,,0.0079687321558594,0.8309987783432007,3.593169689178467,0.3556708395481109
swift-toad-stone,False,,,,,,0.1725842058658599,0.92104971408844,1.692716360092163,0.7731890678405762
hollow-shark-ruby,False,,,,,,0.0188977047801017,0.9447731971740724,1.405392289161682,0.8241280317306519
gentle-crane-snow,False,,,,,,0.4622646272182464,0.961118221282959,0.8471710681915283,0.8505678176879883
gentle-hawk-wave,False,,,,,,0.4591186046600342,0.9521446824073792,1.0490517616271973,0.797326385974884
lunar-bat-sand,False,,,,,,0.0079869348555803,0.9278420805931092,1.8979500532150269,0.7539728283882141
hollow-bear-cloud,False,,,,,,0.6557301878929138,0.9308024644851683,1.6390776634216309,0.711472749710083
misty-moth-birch,False,,,,,,0.0020235204137861,0.5151573419570923,9.25899887084961,2.3503190504925442e-08
brisk-dove-cedar,False,,,,,,0.215255007147789,0.9312083721160888,1.9070183038711548,0.7715473175048828
jade-lynx-jade,False,,,,,,0.45105642080307,0.8963244557380676,1.8551154136657717,0.6710056066513062
quick-panda-opal,False,,,,,,0.1172689571976661,0.400629848241806,15.20437717437744,0.0224439557641744
jade-falcon-moss,False,,,,,,0.0700494349002838,0.9154869318008424,2.108412504196167,0.7762263417243958
hollow-eagle-pine,False,,,,,,0.3321253657341003,0.9534501433372498,1.1073369979858398,0.828284740447998
radiant-fox-marble,False,,,,,,0.1721747517585754,0.929389476776123,1.7334554195404053,0.8131627440452576
small-otter-oak,False,,,,,,0.0159619431942701,0.9381176233291626,1.130813717842102,0.6549227833747864
radiant-cobra-granite,False,,,,,,0.0480257235467433,0.9376336336135864,1.0776854753494265,0.7305251955986023
bright-gecko-maple,False,,,,,,0.3542099595069885,0.9427013397216796,1.5132668018341064,0.780476450920105
crimson-raven-reed,False,,,,,,1.2531816537375562e-05,0.4230190813541412,16.295059204101562,0.0512383878231048
soft-hawk-fern,False,,,,,,4.22614102717489e-05,0.4898927807807922,13.091100692749023,0.1166546121239662
noble-toad-bronze,True,Medium,7.88707100400444e-08,18287.2984709497,0.0006667340878123,,0.4785059988498688,0.8384776711463928,2.606811761856079,0.6458988189697266
brisk-yak-onyx,False,,,,,,0.6252732276916504,0.926158607006073,1.594655990600586,0.7069308161735535
gentle-deer-granite,False,,,,,,0.6994948983192444,0.9430060386657716,1.4127063751220703,0.7412821054458618
vast-ibis-topaz,False,,,,,,0.7126950025558472,0.8219484686851501,4.340264797210693,0.3880763053894043
silver-raven-moss,True,Medium,1.21757345363404e-07,12644.3914453931,0.0015395475361268,,0.6945121884346008,0.9432730078697203,1.2413873672485352,0.745232343673706
silver-bear-ice,True,Medium,6.51642572632947e-08,6007.47528714272,0.0002374953773988,,0.7491553425788879,0.9577444791793824,1.068634271621704,0.791509211063385
small-goat-stone,True,Strong,3.86696550177925e-08,10003.395582086,0.0003733220447559,,0.7562949061393738,0.944689154624939,1.1218743324279783,0.7582361698150635
steady-mole-iron,True,Strong,3.97322866235415e-08,5292.59828268992,0.000232762774181,,0.5829686522483826,0.9275278449058532,1.6222995519638062,0.6806700825691223
shy-otter-jade,True,Strong,1.47510070384577e-08,42707.0306736195,0.0008960387806396,,0.7173699736595154,0.9379344582557678,1.2289835214614868,0.7213704586029053
hollow-moth-frost,True,Medium,1.12589752696999e-07,7214.3929968886,0.0007748346796808,,0.7433003187179565,0.9341344833374025,1.434077501296997,0.7409343123435974
radiant-seal-bronze,False,,,,,,0.0028443040791898,0.9242265224456788,1.6969730854034424,0.7853588461875916
steady-heron-oak,False,,,,,,0.0029355606529861,0.857895016670227,2.6240813732147217,0.6613554954528809
misty-ram-fern,False,,,,,,0.0045432266779243,0.4421906173229217,13.899175643920898,0.0458520427346229
quiet-otter-bronze,False,,,,,,0.4031165838241577,0.9658133387565612,0.6727474927902222,0.8126434683799744
strong-eagle-snow,False,,,,,,0.4286689758300781,0.9566725492477416,0.9504678249359132,0.8280659914016724
quick-mole-snow,True,Strong,5.70199596344991e-08,12099.6300367791,0.0005629407858888,,0.0040318542160093,0.5475361347198486,9.80115795135498,0.2337059527635574
golden-fox-marble,True,Medium,7.16795465524644e-08,6006.07950259904,0.0003999989516849,,0.0002229388337582,0.7099708914756775,6.933279514312744,0.3404540419578552
quick-quail-ash,False,,,,,,0.0040966048836708,0.7126044631004333,5.505136489868164,0.0027618573512881
brisk-bear-wave,False,,,,,,0.0007390784448944,0.2994707822799682,15.429848670959473,0.0430875271558761
deep-tiger-leaf,False,,,,,,0.1236624345183372,0.867078423500061,2.8480541706085205,0.7229611873626709
amber-tiger-moss,False,,,,,,0.1375735104084015,0.72784024477005,5.533941268920898,0.5457473397254944
solid-swan-ember,True,Strong,1.70875661283486e-08,2065.52280668231,4.15249326436447e-05,,0.1348163038492202,0.8979910612106323,2.068931579589844,0.7362294793128967
rough-eagle-flint,False,,,,,,0.0002373922616243,0.9219797253608704,1.1754493713378906,0.4800796806812286
shy-cat-leaf,False,,,,,,0.0557313710451126,0.9301573038101196,1.6817635297775269,0.8005006313323975
gentle-wolf-ruby,False,,,,,,0.2268426418304443,0.9341750144958496,1.8354222774505613,0.8041450381278992
deep-orca-quartz,False,,,,,,0.4281644225120544,0.918803870677948,1.708698034286499,0.6794953346252441
solid-ram-marble,False,,,,,,0.2827170789241791,0.5306779742240906,6.972702980041504,0.1197314858436584
radiant-otter-opal,False,,,,,,0.1309543848037719,0.9359385371208192,1.5029371976852417,0.7989175319671631
jade-bat-rose,False,,,,,,0.2699584066867828,0.9252640008926392,1.7890357971191406,0.7760120034217834
deep-yak-stone,False,,,,,,0.1768391132354736,0.9192166924476624,1.988893985748291,0.7687624096870422
green-heron-bronze,False,,,,,,0.4881319999694824,0.9075934886932372,2.4299354553222656,0.7562655806541443
golden-quail-crystal,True,Medium,1.3835727024091e-07,6049.69691819852,0.0008222093703921,,0.7029655575752258,0.9574421048164368,0.9027093648910522,0.8293555378913879
golden-vole-quartz,False,,,,,,0.4004139602184295,0.9210631847381592,1.5767722129821775,0.6473729610443115
calm-toad-opal,False,,,,,,0.6480295062065125,0.9203693866729736,1.8619654178619385,0.7503466606140137
calm-shark-granite,True,Medium,3.09686762342775e-08,3446.64001288365,0.000239891251387,,0.4599629938602447,0.9153726100921632,1.80278480052948,0.7845045328140259
young-ram-cloud,True,Strong,4.60711315542081e-08,4066.27227900909,0.0003215139388851,,0.6891524195671082,0.9510700106620787,1.2906992435455322,0.7788704633712769
golden-crane-orchid,False,,,,,,0.2326963990926742,0.894400417804718,2.8131234645843506,0.3593058288097381
misty-deer-lotus,False,,,,,,0.2414737045764923,0.9225042462348938,1.896199941635132,0.4665509164333343
ivory-quail-flint,False,,,,,,0.2507496476173401,0.8885467648506165,2.4439592361450195,0.3745546340942383
green-orca-lava,False,,,,,,0.103729099035263,0.9063934683799744,2.0616888999938965,0.6655190587043762
pale-owl-moss,False,,,,,,0.4929313659667969,0.9126116037368774,1.7126532793045044,0.7892016768455505
mellow-fox-thorn,False,,,,,,0.0361378863453865,0.8609266877174377,1.6048777103424072,0.1546207219362259
golden-hawk-reed,False,,,,,,0.0348456166684627,0.9401029348373412,0.9099373817443848,0.640341579914093
quiet-crow-snow,False,,,,,,0.0504850894212722,0.9155496954917908,1.1404776573181152,0.3742011189460754
mellow-toad-jade,False,,,,,,0.1061285063624382,0.6882562637329102,1.819757580757141,0.0001665696763666
shy-bee-bronze,False,,,,,,0.0241893343627452,0.9021260738372804,1.09517502784729,0.3717275857925415
strong-lion-marble,False,,,,,,0.0235809627920389,0.8609870672225952,2.0683388710021973,0.2050129175186157
green-lynx-leaf,False,,,,,,0.0400097593665123,0.9180999994277954,1.1149142980575562,0.3921162784099579
noble-heron-jade,False,,,,,,0.0962474271655082,0.907213568687439,1.124039649963379,0.4173346161842346
rapid-deer-wave,False,,,,,,0.0219127554446458,0.9088888764381408,1.2364511489868164,0.4830870628356933
young-dove-birch,False,,,,,,0.0465932078659534,0.9161604642868042,1.1853108406066897,0.2244123667478561
scarlet-vole-ice,False,,,,,,0.0566374845802784,0.6755627989768982,3.646550178527832,0.0002104965387843
calm-jaguar-granite,False,,,,,,0.0261497795581817,0.9176095724105836,1.1047444343566897,0.4661805629730224
dark-jaguar-rose,False,,,,,,0.0183862075209617,0.8119776844978333,1.7292444705963137,0.0068254023790359
golden-lion-ice,False,,,,,,0.0648455470800399,0.9342684745788574,0.9818406701087952,0.6078861951828003
young-falcon-ruby,False,,,,,,0.0177928805351257,0.9198893308639526,0.981283962726593,0.3196709454059601
deep-lion-thorn,False,,,,,,0.1368498355150222,0.742104709148407,2.097137451171875,0.0025571514852344
swift-otter-topaz,False,,,,,,0.1473873257637024,0.8783475160598755,1.3154104948043823,0.1284833550453186
quiet-deer-oak,False,,,,,,0.1168190762400627,0.7725611925125122,1.583789944648743,0.0092538949102163
soft-cobra-wave,False,,,,,,0.0257036834955215,0.8880226016044617,1.228484034538269,0.4193821251392364
jade-deer-ember,False,,,,,,0.1213437318801879,0.7609994411468506,2.723630905151367,0.0010044943774119
bright-kiwi-reed,False,,,,,,0.7145627737045288,0.9484067559242249,1.0794965028762815,0.8145426511764526
pale-ant-ice,False,,,,,,0.2215967923402786,0.9317612648010254,1.4921019077301023,0.7800835371017456
golden-bear-lava,False,,,,,,4.040745989186689e-05,0.5757356882095337,12.077460289001465,0.0145511822775006
calm-bee-plume,False,,,,,,0.4367154836654663,0.915405571460724,2.06112003326416,0.7427340745925903
quiet-yak-jade,False,,,,,,0.3662892580032348,0.9008526802062988,2.446166515350342,0.7280803322792053
pale-lynx-fern,False,,,,,,0.0955957397818565,0.9075945019721984,1.0888136625289917,0.2719960808753967
noble-moth-cypress,False,,,,,,0.0295136589556932,0.9153510332107544,1.0647480487823486,0.3599483668804168
rough-ox-opal,False,,,,,,0.0252892021089792,0.9275451898574828,0.9294149875640868,0.5451091527938843
frozen-crow-cedar,False,,,,,,0.0574875697493553,0.918370008468628,1.0576696395874023,0.3398815393447876
soft-quail-vine,False,,,,,,0.0395636558532714,0.8741839528083801,1.3077561855316162,0.1424860805273056
violet-ibis-reed,False,,,,,,0.1073517352342605,0.9217963814735411,1.214613437652588,0.4201799929141998
amber-zebra-rose,False,,,,,,0.0042617977596819,0.6634509563446045,7.0087175369262695,0.268588125705719
radiant-quail-cypress,False,,,,,,0.0091427117586135,0.9445963501930236,1.3510576486587524,0.837852418422699
dark-heron-rose,False,,,,,,0.0082243382930755,0.8726035356521606,1.2531391382217407,0.1171040758490562
rapid-lynx-bronze,False,,,,,,0.0958772674202919,0.9122578501701356,1.3498845100402832,0.3045156598091125
jade-ant-orchid,False,,,,,,0.1552750766277313,0.8698697090148926,1.3959567546844482,0.0594162307679653
noble-bee-marble,False,,,,,,0.1388106346130371,0.9233371615409852,1.028128743171692,0.3317423462867737
vast-ant-quartz,False,,,,,,0.1344141960144043,0.847813069820404,1.833768606185913,0.0614545568823814
mellow-heron-onyx,False,,,,,,0.0408778972923755,0.8881565928459167,1.7366838455200195,0.1074844449758529
silver-heron-orchid,False,,,,,,0.146901786327362,0.7959659099578857,2.6001784801483154,0.050029169768095
brisk-swan-granite,False,,,,,,0.1447294801473617,0.9284342527389526,1.0411474704742432,0.5758917331695557
scarlet-ox-wave,False,,,,,,0.1487235128879547,0.8694843053817749,1.369052767753601,0.1924185752868652
calm-goat-jade,False,,,,,,0.0348108187317848,0.9183153510093688,1.0477564334869385,0.4799892604351043
wild-moth-ash,False,,,,,,0.0148584200069308,0.8807312250137329,1.162372350692749,0.2446324229240417
dark-boar-crystal,False,,,,,,0.1559694856405258,0.8954050540924072,1.101055145263672,0.3657520413398742
calm-ram-clay,False,,,,,,0.030563548207283,0.9347164630889891,0.951302707195282,0.5946664810180664
violet-ant-bronze,False,,,,,,0.0967189967632293,0.8550410866737366,1.428633213043213,0.1177505850791931
brisk-hawk-oak,False,,,,,,0.0915419906377792,0.7130779027938843,1.80269718170166,0.0018938014982268
lunar-goat-granite,False,,,,,,0.0250326562672853,0.9029609560966492,1.3138428926467896,0.4342742264270782
dark-wolf-quartz,False,,,,,,0.0209536664187908,0.9255197644233704,0.959088921546936,0.5586327314376831
violet-deer-frost,False,,,,,,0.0644717365503311,0.8869819045066833,1.3053908348083496,0.2404668778181076
soft-owl-wave,False,,,,,,5.856813004356809e-06,0.9012289047241212,1.6662330627441406,0.5976845622062683
solid-vole-frost,False,,,,,,3.7522015190916136e-05,0.9000695943832397,1.7993849515914917,0.4636011719703674
mellow-fox-vine,False,,,,,,5.088638135930523e-05,0.8232291340827942,3.4145007133483887,0.1793834716081619
hollow-gecko-plume,False,,,,,,6.022488378221169e-06,0.8969785571098328,1.6763646602630615,0.6345016360282898
lunar-shark-pine,False,,,,,,6.175655016704695e-06,0.8764586448669434,1.995227336883545,0.4786301553249359
pale-swan-willow,False,,,,,,6.2285566855280194e-06,0.8165636658668518,2.934114456176758,0.3527922928333282
radiant-cobra-wave,False,,,,,,9.546095498080833e-06,0.8781957626342773,1.83786141872406,0.5288033485412598
violet-mole-ruby,False,,,,,,6.502386440843111e-06,0.8379558324813843,2.983119010925293,0.284669816493988
jade-hawk-iron,False,,,,,,7.454097612935584e-06,0.885393500328064,1.647848129272461,0.5117990970611572
young-swan-jade,False,,,,,,0.0024107536301016,0.8869257569313049,1.7368927001953125,0.3577139973640442
calm-crane-clay,False,,,,,,0.0712305828928947,0.886520504951477,2.25590181350708,0.6672470569610596
silent-kiwi-cedar,False,,,,,,0.0014926337171345,0.9500957131385804,1.2481533288955688,0.8357115983963013
bright-zebra-pearl,False,,,,,,0.064325213432312,0.8380448222160339,1.2442246675491333,0.0676600635051727
steady-swan-moss,False,,,,,,0.0299865417182445,0.9284970164299012,1.032111406326294,0.5158119201660156
deep-crow-iron,False,,,,,,0.1126764714717865,0.8164357542991638,2.659893751144409,0.0817968249320983
lunar-fox-vine,False,,,,,,0.0216233599931001,0.9010272026062012,1.291025996208191,0.1011305749416351
solid-crane-pine,False,,,,,,0.0297943390905857,0.9341946840286256,0.9929152131080629,0.4950353801250458
rough-gecko-plume,False,,,,,,0.049065925180912,0.8850635290145874,1.295555591583252,0.2808148860931396
steady-fox-cloud,False,,,,,,0.1294777244329452,0.7916795015335083,2.518892765045166,0.006548220757395
silent-deer-vine,False,,,,,,0.0247031804174184,0.9418920874595642,0.8339947462081909,0.6005825996398926
solid-lynx-pine,False,,,,,,0.0621546767652034,0.8153598308563232,1.3358535766601562,0.0408333241939544
bright-seal-granite,False,,,,,,2.8260712497285567e-05,0.8695451617240906,2.6294989585876465,0.3954786956310272
violet-eagle-ruby,False,,,,,,0.6447376608848572,0.9162928462028505,1.6996655464172363,0.7271389365196228
golden-eagle-sand,False,,,,,,0.0436021983623504,0.9045540690422058,2.040355920791626,0.727763295173645
scarlet-wolf-fern,False,,,,,,0.6069133877754211,0.9279533624649048,1.561286211013794,0.7487494349479675
bright-bat-bronze,False,,,,,,0.1842746585607528,0.8178805112838745,4.035397529602051,0.523722231388092
dark-swan-pine,False,,,,,,0.0205739717930555,0.9489955902099608,1.0776879787445068,0.8487172722816467
young-vole-topaz,False,,,,,,0.6331943273544312,0.9062012434005736,2.1531789302825928,0.6101437211036682
scarlet-tiger-ember,False,,,,,,0.0005905085126869,0.4234389960765838,14.470908164978027,0.0326779186725616
noble-otter-moss,False,,,,,,6.708714863634668e-06,0.4012988805770874,15.584214210510254,0.0125129399821162
strong-panda-orchid,False,,,,,,0.2344638705253601,0.8038409352302551,4.269291400909424,0.5582898259162903
rapid-ibis-granite,False,,,,,,0.0016921478090807,0.6742207407951355,7.132395267486572,0.1798943430185318
gentle-lion-cedar,False,,,,,,0.5823693871498108,0.7165728807449341,6.353693962097168,0.3831796050071716
soft-cobra-cypress,False,,,,,,0.6548311710357666,0.8828012347221375,2.3818936347961426,0.6055951118469238
hollow-vole-orchid,False,,,,,,0.0218529477715492,0.7575303316116333,6.215584754943848,0.305319607257843
misty-panda-snow,False,,,,,,0.0915440618991851,0.5535920262336731,11.942420959472656,0.1004138365387916
swift-crane-topaz,False,,,,,,0.6129893660545349,0.943626880645752,1.1190524101257324,0.831507682800293
ivory-falcon-quartz,False,,,,,,0.6088036298751831,0.9314555525779724,1.4211481809616089,0.8169109225273132
jade-jaguar-vine,False,,,,,,0.525195300579071,0.9233855605125428,1.6369826793670654,0.799173891544342
young-bat-lava,False,,,,,,0.6183277368545532,0.9269692897796632,1.551589012145996,0.8113681077957153
strong-ant-thorn,False,,,,,,0.6180434226989746,0.9381313920021056,1.2508695125579834,0.822953999042511
brisk-shark-opal,False,,,,,,0.6095133423805237,0.9362062215805054,1.3361150026321411,0.8056596517562866
hollow-cobra-marble,False,,,,,,0.6100252866744995,0.9246980547904968,1.497506856918335,0.806158721446991
strong-toad-topaz,False,,,,,,0.6171923875808716,0.936098337173462,1.3288772106170654,0.820193350315094
dark-bee-pearl,False,,,,,,0.6181143522262573,0.9297849535942078,1.3992712497711182,0.8184074759483337
steady-cobra-bronze,False,,,,,,0.6096312999725342,0.9429009556770324,1.103628158569336,0.8222430348396301
mellow-lynx-moss,False,,,,,,0.7089231610298157,0.9246965646743774,1.657165765762329,0.7918453216552734
scarlet-quail-cloud,False,,,,,,0.1490386426448822,0.9419070482254028,1.4113034009933472,0.8093462586402893
steady-zebra-onyx,False,,,,,,0.2096618413925171,0.9145771265029908,1.456682205200195,0.8010540008544922
deep-panda-ash,False,,,,,,0.3204818964004516,0.8046941757202148,4.427560806274414,0.597510039806366
solid-crane-snow,False,,,,,,0.5995727777481079,0.9181960225105286,1.9108660221099851,0.7358696460723877
golden-jaguar-thorn,False,,,,,,0.5636774301528931,0.941497564315796,1.2249398231506348,0.7568605542182922
dark-panther-wave,False,,,,,,0.2915854156017303,0.9367094039916992,1.470426082611084,0.8063400387763977
strong-bat-cypress,False,,,,,,0.2992302775382995,0.4655845761299133,10.116939544677734,0.1177072301506996
quiet-hawk-maple,False,,,,,,0.1814100593328476,0.906908929347992,2.010887622833252,0.6550469994544983
vast-otter-cloud,False,,,,,,2.329957533220295e-05,0.6645762920379639,8.055133819580078,0.3078386783599853
calm-zebra-birch,False,,,,,,0.00014292873675,0.9208984375,1.299962878227234,0.5877262949943542
steady-goat-ruby,False,,,,,,0.339184820652008,0.9188419580459596,1.6622023582458496,0.7927693724632263
rough-panther-bronze,False,,,,,,0.2644290924072265,0.9247984886169434,1.6212444305419922,0.7942865490913391
young-orca-onyx,False,,,,,,0.1865319460630417,0.9423537254333496,1.283325433731079,0.8011255264282227
calm-bat-opal,False,,,,,,0.1059275940060615,0.9385490417480468,1.555988311767578,0.8110009431838989
calm-bear-cloud,False,,,,,,0.0059267422184348,0.8948296904563904,2.58650016784668,0.4366126358509063
amber-heron-pine,False,,,,,,0.0090186903253197,0.3460289537906647,16.399242401123047,6.176468559715431e-06
pale-vole-vine,False,,,,,,0.0237008929252624,0.8732075691223145,2.1757888793945312,0.2324790358543396
green-mole-clay,False,,,,,,0.1069714874029159,0.757614016532898,6.15918493270874,0.0877862274646759
mellow-otter-leaf,False,,,,,,0.0096497992053627,0.7322173118591309,6.12713098526001,0.0530221872031688
soft-fox-ruby,False,,,,,,0.0021067722700536,0.2312476336956024,21.1321964263916,9.195185723953613e-10
noble-jaguar-ash,False,,,,,,0.0054877940565347,0.5509960055351257,10.772811889648438,0.0002898075035773
ivory-goat-sand,False,,,,,,0.0163459330797195,0.7197979688644409,6.077825546264648,0.057050384581089
soft-shark-clay,False,,,,,,0.0007899849442765,0.4751673340797424,14.02445125579834,6.318615487543866e-05
wild-falcon-birch,False,,,,,,0.0003530020476318,0.8309464454650879,4.146638870239258,0.6105669140815735
noble-deer-stone,False,,,,,,0.5538498759269714,0.933026134967804,1.385641098022461,0.6479791402816772
pale-hawk-lava,False,,,,,,0.3505027294158935,0.919738471508026,2.046389579772949,0.7379750609397888
azure-ibis-pearl,False,,,,,,0.4087802767753601,0.9118233323097228,1.9350759983062744,0.7344809174537659
wild-heron-snow,False,,,,,,0.0002591230440884,0.7276937365531921,7.197750091552734,0.4553515911102295
rough-toad-marble,False,,,,,,0.0024029468186199,0.7071652412414551,6.738422870635986,0.013505719602108
violet-yak-maple,False,,,,,,0.0263982042670249,0.8151514530181885,3.696279525756836,0.0549737960100173
violet-bear-plume,False,,,,,,7.154171180445701e-05,0.1561822593212127,23.87705612182617,1.2260271020636536e-08
silent-dove-onyx,False,,,,,,0.1039692535996437,0.6823716163635254,6.329147815704346,0.1201820373535156
pale-orca-oak,False,,,,,,0.1158483177423477,0.7801297903060913,4.253340244293213,0.3918172419071197
ivory-shark-ivy,False,,,,,,0.1524059176445007,0.888495147228241,2.52924919128418,0.6399043798446655
strong-dove-cedar,False,,,,,,0.0594358332455158,0.9284800887107848,1.175303936004639,0.7093874216079712
mellow-goat-ruby,False,,,,,,0.0015046709449961,0.8540992140769958,3.0017428398132324,0.138093963265419
scarlet-swan-quartz,False,,,,,,0.3728761374950409,0.8808232545852661,2.61993145942688,0.722505509853363
rapid-otter-crystal,False,,,,,,0.0002563447633292,0.7028446197509766,6.949991703033447,0.001060924376361
lunar-eagle-leaf,False,,,,,,0.082659475505352,0.2251229137182235,17.957164764404297,1.0561772403926489e-13
quiet-mole-ruby,False,,,,,,0.0027218412142246,0.5175667405128479,10.680505752563477,2.9225601494431433e-08
azure-lion-willow,True,Strong,5.10411448520573e-08,5006.98057046235,0.000390006447995,,0.7084930539131165,0.9326266646385192,1.4317667484283447,0.7772052884101868
noble-swan-fern,True,Strong,4.17451882975037e-08,13934.3898634694,0.0004812363905837,,0.662746787071228,0.9357030391693116,1.45933198928833,0.7339698672294617
crimson-falcon-ivy,True,Strong,3.10099705306186e-08,6156.58586927705,0.0002893570839028,,0.7014989256858826,0.9171653389930724,1.595413088798523,0.6793103218078613
dark-bear-frost,True,Strong,5.41579442001967e-08,10371.1298106736,0.0004664613518183,,0.7303678393363953,0.9368866682052612,1.2979727983474731,0.7522489428520203
radiant-goat-ivy,True,Medium,1.4615723470605e-07,4350.41345117303,0.0008099872047716,,0.6094953417778015,0.9204643368721008,1.6010133028030396,0.6798336505889893
young-otter-opal,False,,,,,,0.1406812965869903,0.8993974924087524,2.0298938751220703,0.5404938459396362
crimson-seal-cedar,False,,,,,,0.0049125342629849,0.8700997233390808,3.028618812561035,0.6922242045402527
shy-seal-oak,False,,,,,,0.1917577981948852,0.9038053154945374,2.659806251525879,0.6581798195838928
crimson-swan-oak,False,,,,,,1.5399566109408624e-05,0.3377635180950165,18.2190055847168,0.0286705642938613
silent-seal-orchid,False,,,,,,0.2153990566730499,0.8817629814147949,2.8528027534484863,0.3975483775138855
small-cobra-marble,False,,,,,,0.2055742442607879,0.9221428632736206,2.033172369003296,0.4073963463306427
deep-crow-ivy,True,Strong,2.75397322591136e-08,27144.3024185851,0.0007948707188338,,0.004660805221647,0.9173603653907776,1.3170338869094849,0.5434818267822266
bright-swan-oak,False,,,,,,0.0001180635445052,0.8734634518623352,1.9570562839508057,0.4403315186500549
rough-lynx-pearl,False,,,,,,0.0803001523017883,0.9270383715629578,1.3637561798095703,0.6943483948707581
rough-eagle-birch,False,,,,,,0.3199767470359802,0.6416854858398438,6.374807357788086,0.1900893598794937
pale-wolf-maple,True,Strong,3.03462616635723e-08,10813.430076937,0.0002891727111482,,0.707024872303009,0.9372094869613647,1.345320463180542,0.7211390137672424
swift-ox-dust,False,,,,,,0.3943961560726166,0.9484130144119264,1.2183983325958252,0.7788757085800171
radiant-bear-leaf,True,Medium,5.30786901726602e-08,4005.81870295804,0.0002489493243182,,0.6779945492744446,0.9187836050987244,1.6651126146316528,0.7137198448181152
vast-bat-ash,True,Strong,3.86998182779107e-08,12119.3109074959,0.0003216644356056,,0.7238131761550903,0.943274736404419,1.3120949268341064,0.7534309029579163
vast-ox-pine,True,Strong,2.594261556749e-08,12894.0792380461,0.0003107442501646,,0.7481201887130737,0.9334831237792968,1.2453548908233645,0.7333718538284302
violet-lynx-reed,True,Strong,8.37101005444424e-08,7479.87151967297,0.0004746300360127,,0.7479919195175171,0.939140260219574,1.4554320573806765,0.7313793897628784
scarlet-boar-quartz,True,Strong,3.05663036302292e-08,7494.05348305331,0.0003143159764578,,0.7602375745773315,0.9389581084251404,1.300306797027588,0.7307507991790771
frozen-raven-maple,True,Medium,6.05523101720446e-08,5595.50306252132,0.0003388206370104,,0.7602147459983826,0.9413658380508424,1.1975687742233276,0.7164235711097717
bright-moth-stone,True,Strong,3.4645775478969e-08,15982.5165331667,0.0005050835155057,,0.7393825054168701,0.9354732036590576,1.472409725189209,0.7290216088294983
radiant-gecko-ruby,True,Medium,4.91950824511869e-08,4498.33766275552,0.0002212960922125,,0.4721891283988952,0.9321193099021912,1.582303762435913,0.8193459510803223
small-fox-wave,True,Strong,4.21826789750021e-08,8392.80899039351,0.0002478418613831,,0.6325867176055908,0.9308858513832092,1.4966614246368408,0.7359138131141663
green-raven-jade,True,Medium,2.54038729104775e-07,6480.25071058147,0.0010113750239236,,0.4853291809558868,0.932971715927124,1.504128098487854,0.7122382521629333
quick-fox-thorn,True,Strong,6.34052558084372e-08,10952.8455525216,0.0004878071146955,,0.7376758456230164,0.9489933848381042,1.1652815341949463,0.7716909646987915
misty-ox-granite,True,Strong,4.09115965537552e-08,9013.80044699339,0.000625557262151,,0.7448663711547852,0.9280364513397216,1.5809223651885986,0.7432215809822083
young-zebra-leaf,True,Medium,3.34860265864029e-08,7575.80656189244,0.0003192202328705,,0.6708251237869263,0.9319129586219788,1.4852052927017212,0.6937883496284485
scarlet-lion-vine,True,Strong,7.42335249334826e-08,12886.2454854003,0.0006289705111646,,0.7398496866226196,0.9428044557571412,1.134095549583435,0.7496040463447571
quick-crow-flint,False,,,,,,0.2411479353904724,0.9334750175476074,1.4892404079437256,0.7792402505874634
vast-zebra-lotus,True,Strong,8.37250558181087e-08,25512.978631438,0.0006817046098023,,0.0132830189540982,0.9165380001068116,1.7169733047485352,0.7485857009887695
quiet-cat-ivy,True,Medium,1.12317156599592e-07,25918.1812900976,0.0031339119115026,,0.7312283515930176,0.9535105228424072,0.9587090015411376,0.793066680431366
amber-crow-willow,False,,,,,,0.7319254875183105,0.9499157071113586,1.3330302238464355,0.7707509398460388
noble-falcon-bronze,False,,,,,,0.6697937250137329,0.9421042799949646,1.3983783721923828,0.785245954990387
deep-crane-ruby,False,,,,,,0.7641302347183228,0.94155091047287,1.601646900177002,0.7357755899429321
quiet-shark-ash,False,,,,,,0.6416620016098022,0.944539487361908,1.2583317756652832,0.7931025624275208
rapid-otter-lava,False,,,,,,0.2383091449737548,0.8681685924530029,3.0032944679260254,0.7213777899742126
shy-ram-oak,False,,,,,,0.4281700849533081,0.927761733531952,1.5781168937683103,0.8017401695251465
quiet-crane-lava,False,,,,,,0.6630704998970032,0.9340962767601012,1.3916726112365725,0.8007543683052063
pale-cobra-ruby,False,,,,,,0.3078735172748565,0.6892416477203369,6.405774116516113,0.2928541898727417
brisk-mole-granite,False,,,,,,0.6087588667869568,0.9073634147644044,2.088585376739502,0.7324414253234863
young-crane-granite,True,Medium,1.05209525068359e-07,4725.29654238351,0.0006203996595421,,0.2421136200428009,0.9219029545783995,1.6847331523895264,0.7580179572105408
bright-fox-cypress,False,,,,,,0.0117278918623924,0.923386812210083,1.6416597366333008,0.4564849138259887
jade-seal-lotus,False,,,,,,0.0024827911984175,0.753803551197052,6.12882661819458,0.0417033582925796
azure-panda-bronze,False,,,,,,0.0009666606783866,0.8931165933609009,2.4798080921173096,0.6101916432380676
mellow-tiger-rose,False,,,,,,0.2431986629962921,0.9394937753677368,1.5044747591018677,0.7593947649002075
frozen-raven-lava,False,,,,,,0.000254710932495,0.5993728041648865,10.918567657470703,0.1158430129289627
steady-hawk-ember,False,,,,,,1.9733564840862527e-05,0.1496370881795883,23.368711471557617,0.0038201676215976
frozen-crane-cypress,False,,,,,,0.2644023299217224,0.9113245606422424,2.1294257640838623,0.7134394645690918
quick-deer-birch,False,,,,,,0.2908753454685211,0.8289415836334229,4.314511775970459,0.5383574962615967
rapid-swan-leaf,False,,,,,,0.4874255657196045,0.932186722755432,1.5397677421569824,0.7765184640884399
steady-mole-flint,False,,,,,,0.1170719712972641,0.7611705660820007,5.660080432891846,0.4952850937843323
lunar-lynx-plume,False,,,,,,0.0017871601739898,0.7491479516029358,4.63158655166626,0.0395442210137844
ivory-mole-ivy,False,,,,,,0.0025726296007633,0.9294225573539734,1.6643133163452148,0.6746112704277039
crimson-ibis-sand,False,,,,,,0.0317789018154144,0.6633317470550537,8.331958770751953,0.0002041575935436
crimson-boar-moss,False,,,,,,2.035315628745593e-05,0.2735648453235626,18.85684585571289,0.0064024375751614
violet-panda-ash,False,,,,,,6.881076842546463e-06,0.7835674285888672,5.981227874755859,0.2543760538101196
swift-panther-sand,False,,,,,,1.6655232684570365e-05,0.2423136532306671,19.994295120239254,0.0069153946824371
vast-shark-iron,False,,,,,,6.987145752646029e-05,0.8301348090171814,4.243619918823242,0.3580487966537475
solid-owl-fern,False,,,,,,0.1206107810139656,0.8817352056503296,3.0167298316955566,0.6227256059646606
pale-bat-frost,False,,,,,,0.2475131303071975,0.8551580309867859,3.03165054321289,0.6813936829566956
crimson-lynx-flint,False,,,,,,0.0006083638290874,0.8998699188232422,1.5806536674499512,0.6637235283851624
small-kiwi-sand,True,Strong,2.65810649228798e-08,40696.5654060444,0.0009062497228924,,0.0023735372815281,0.8906859755516052,1.6108806133270264,0.4273197948932647
golden-ox-vine,True,Strong,6.150777769290951e-09,125740.893948388,0.0006306673426717,,0.0006716669886372,0.9270194172859192,1.1581813097000122,0.6458541750907898
lunar-lynx-rose,True,Strong,2.3950115081033802e-09,451863.0935003,0.0008612018052057,,0.0024244429077953,0.9336464405059814,1.0626986026763916,0.665061891078949
swift-crane-ember,True,Strong,3.7312046539263e-09,392065.592955182,0.0015432284157387,,0.0006414097733795,0.9260784983634948,1.2214356660842896,0.6276049613952637
deep-orca-granite,True,Strong,1.10872855912103e-08,104289.374245251,0.0024837390624296,,0.0093839382752776,0.9232792854309082,1.2604979276657104,0.634985089302063
misty-orca-cedar,False,,,,,,0.4877550899982452,0.9645044207572936,1.022461175918579,0.8298935294151306
lunar-deer-bronze,False,,,,,,0.6534121632575989,0.971233367919922,0.8778916597366333,0.8244022130966187
soft-panda-leaf,False,,,,,,0.0070061152800917,0.9248886108398438,1.7677631378173828,0.7945530414581299
wild-yak-plume,False,,,,,,0.0003059217706322,0.4128168821334839,14.99663543701172,0.0222762860357761
calm-crow-thorn,False,,,,,,0.0258734989911317,0.8993842601776123,1.9486782550811768,0.6679815649986267
misty-vole-sand,False,,,,,,0.6980539560317993,0.942383587360382,1.3145768642425537,0.7843475341796875
wild-jaguar-crystal,False,,,,,,0.0012770018074661,0.5740854740142822,11.1251220703125,0.1495759636163711
strong-crane-bronze,False,,,,,,0.4348304867744446,0.928181767463684,1.6393051147460938,0.7390437722206116
vast-goat-lotus,False,,,,,,0.0011588700581341,0.5199276208877563,13.35854721069336,0.1435126215219497
brisk-jaguar-sand,False,,,,,,7.784840272506699e-05,0.9182389974594116,1.431602954864502,0.7668347954750061
green-bear-sand,False,,,,,,0.5517739057540894,0.9582192301750184,1.1494247913360596,0.8140742182731628
noble-cobra-pearl,False,,,,,,0.000219296067371,0.9374234080314636,1.1989881992340088,0.8039863109588623
solid-crane-opal,False,,,,,,0.0060862214304506,0.8039957284927368,4.566206932067871,0.5397226810455322
frozen-panther-snow,False,,,,,,3.134122380288318e-05,0.6548426747322083,9.269498825073242,0.0552975349128246
crimson-crane-stone,False,,,,,,0.0001726784103084,0.2770077884197235,20.79381561279297,0.0001480431528761
shy-goat-cypress,False,,,,,,0.0016731097130104,0.8126766085624695,4.562429428100586,0.3965330123901367
amber-moth-snow,False,,,,,,4.962030743627111e-06,0.519623339176178,12.624516487121582,0.026787968352437
jade-owl-iron,False,,,,,,5.551108188228682e-06,0.4690699577331543,14.410517692565918,0.0685617253184318
calm-falcon-ivy,False,,,,,,1.1544470908120276e-05,0.3070883452892303,16.149181365966797,4.419323886395432e-05
azure-orca-dust,False,,,,,,0.0001053533269441,0.6112838387489319,9.98945426940918,0.0139616234228014
green-orca-thorn,False,,,,,,2.383766513958108e-05,0.1585331708192825,22.992900848388672,0.0069390553981065
quiet-swan-pine,False,,,,,,1.4755671145394444e-05,0.4246000945568084,15.643253326416016,0.0793273374438285
quiet-jaguar-quartz,False,,,,,,0.1486805975437164,0.143920212984085,25.987876892089844,0.005162279587239
wild-lion-oak,False,,,,,,2.7874055376742035e-05,0.5364440083503723,12.628881454467772,0.1458864361047744
steady-ibis-cloud,False,,,,,,3.430743163335137e-05,0.8248058557510376,3.884832382202149,0.6320083737373352
swift-crane-granite,False,,,,,,0.000437563372543,0.8162029981613159,4.930325508117676,0.6055790185928345
quick-toad-ivy,False,,,,,,0.1120982989668846,0.8488371968269348,2.556380271911621,0.6207894682884216
frozen-panther-cloud,False,,,,,,0.1028834953904151,0.9066424369812012,2.011876344680786,0.6270273923873901
deep-mole-iron,False,,,,,,0.0387439839541912,0.8743424415588379,2.615240335464477,0.624942421913147
mellow-orca-dust,False,,,,,,0.183147132396698,0.5402555465698242,10.257894515991213,0.0838322788476944
pale-bat-granite,False,,,,,,1.5817488019820303e-05,0.5506929755210876,12.008275032043455,0.1439478695392608
radiant-panda-rose,False,,,,,,0.0161494147032499,0.8531935214996338,2.78353214263916,0.6892611384391785
vast-cobra-bronze,False,,,,,,0.3045510351657867,0.2806152105331421,17.588346481323242,0.0252245143055915
strong-dove-rose,False,,,,,,0.1650319099426269,0.9520441293716432,1.1451284885406494,0.7576460838317871
deep-swan-vine,False,,,,,,0.3373490571975708,0.5268216133117676,10.260311126708984,0.1953636705875396
crimson-crow-stone,False,,,,,,0.6770076751708984,0.7210620641708374,7.401461601257324,0.327635258436203
dark-eagle-wave,False,,,,,,0.0256423521786928,0.7065661549568176,7.362881660461426,0.3734270930290222
shy-orca-snow,False,,,,,,0.0129829859361052,0.6237668991088867,8.6869478225708,0.2764465808868408
wild-dove-moss,False,,,,,,0.0362132117152214,0.6741462349891663,8.625884056091309,0.1926144808530807
mellow-toad-ruby,False,,,,,,0.6037403345108032,0.9543356895446776,1.4059981107711792,0.8056952953338623
soft-ox-clay,False,,,,,,0.6994122862815857,0.9188145995140076,1.87593412399292,0.7745154500007629
quick-boar-fern,False,,,,,,0.5289061665534973,0.8838696479797363,2.509220600128174,0.7572354674339294
lunar-quail-dust,True,Weak,,,,,0.3522559702396393,0.6207935214042664,9.443635940551758,0.1960132271051406
hollow-zebra-crystal,False,,,,,,0.0007012393907643,0.87395840883255,3.0346884727478027,0.6955810785293579
ivory-orca-ivy,True,Medium,4.95985779342224e-07,4286.1750211963,0.0021088296893166,,0.0007931023137643,0.3933336734771728,17.645906448364258,0.0156901739537715
lunar-boar-lava,True,Strong,1.05826656335778e-08,3901.52744461535,2.55234771039467e-05,,,,,
